product_id,fullname,brand,url_part,review_url,test_bench_id,test_bench_version,released_at,first_published_at,last_updated_at,sizes_available,product_type,display_type,panel_type_detail,backlight_type_v2,color_architecture,qd_present,qd_material,spd_verified,marketing_label,panel_type,panel_sub_type,backlight_type_rtings,spd_classification,spd_confidence,blue_peak_nm,blue_fwhm_nm,green_peak_nm,green_fwhm_nm,red_peak_nm,red_fwhm_nm,pc_gaming,console_gaming,office,editing,color_accuracy,brightness_score,sdr_dci_p3_coverage_pct,sdr_bt2020_coverage_pct,hdr_bt2020_coverage_itp_pct,hdr_peak_10pct_nits,hdr_peak_2pct_nits,native_contrast,first_response_time_ms,total_response_time_ms,input_lag_native_ms,display_size,native_refresh_rate,resolution,aspect_ratio,pixel_density,local_dimming,ground_truth_tech,ground_truth_qd_type,match_status,scraped_at,spd_image,spd_image_local
70557,AOC AGON PRO AG276QZD2,AOC,aoc-agon-pro-ag276qzd2,https://www.rtings.com/monitor/reviews/aoc/agon-pro-ag276qzd2,238,v2.1.2,2024-09-16 00:00:00 -0400,2025-03-31 09:43:20 -0400,2026-03-17 13:18:49 -0400,"27"" (AGON PRO AG276QZD2)",monitor,OLED,QD-OLED,,QD-OLED,Yes,InP,Yes,AGON,OLED,QD-OLED,No Backlight,QD-OLED,high,445.9,20.9,528.8,29.9,634.6,35.9,8.9,7.5,7.1,8.7,8.8,6.8,75.47,55.22,32.0,454.0,983.0,inf,0.3,0.8,2.5,26.7,240,2560 x 1440,16:9,110.0078487,No,,,NO_GT,2026-03-30T14:24:29.531116+00:00,https://i.rtings.com/assets/products/dQqnVNJY/aoc-agon-pro-ag276qzd2/spd-large.jpg?format=auto,spd_images/monitors/aoc-agon-pro-ag276qzd2_spd.jpg
41611,AOC Q27G3XMN,AOC,aoc-q27g3xmn,https://www.rtings.com/monitor/reviews/aoc/q27g3xmn,238,v2.1.2,2023-09-01 00:00:00 -0400,2023-12-14 08:33:29 -0500,2026-03-17 13:18:49 -0400,"27"" (Q27G3XMN)",monitor,LCD,VA,Direct-lit,QD-LCD,Yes,Unknown,Yes,,LCD,VA,Full-Array,QD-LCD,high,448.8,15.7,539.0,24.0,624.8,33.9,8.2,7.4,7.6,7.9,8.8,8.3,91.73,69.61,38.6,976.0,796.0,4508.0,4.2,4.5,4.3,27.0,165,2560 x 1440,16:9,108.7855393,Yes,,,NO_GT,2026-03-30T14:24:29.531116+00:00,https://i.rtings.com/assets/products/AczJDX1r/aoc-q27g3xmn/spd-large.jpg?format=auto,spd_images/monitors/aoc-q27g3xmn_spd.jpg
97969,AOC Q27G40XMN,AOC,aoc-q27g40xmn,https://www.rtings.com/monitor/reviews/aoc/q27g40xmn,238,v2.1.2,2025-04-17 00:00:00 -0400,2025-06-12 09:14:23 -0400,2026-03-17 13:18:49 -0400,"27"" (Q27G40XMN)",monitor,LCD,VA,Direct-lit,QD-LCD,Yes,CdSe,Yes,,LCD,VA,Full-Array,QD-LCD,high,445.8,14.3,531.2,24.0,628.0,18.3,8.1,7.3,7.3,8.0,9.0,8.9,90.28,74.89,42.7,1263.0,978.0,4361.0,4.3,6.6,4.2,27.0,180,2560 x 1440,16:9,108.7855393,Yes,,,NO_GT,2026-03-30T14:24:29.531116+00:00,https://i.rtings.com/assets/products/YUPhp9Os/aoc-q27g40xmn/spd-large.jpg?format=auto,spd_images/monitors/aoc-q27g40xmn_spd.jpg
91962,ASUS ProArt Display 6K PA32QCV,ASUS,asus-proart-display-6k-pa32qcv,https://www.rtings.com/monitor/reviews/asus/proart-display-6k-pa32qcv,238,v2.1.2,2025-08-25 00:00:00 -0400,2025-11-27 15:34:50 -0500,2026-03-17 13:18:49 -0400,"32"" (ProArt Display 6K PA32QCV)",monitor,LCD,IPS,Edge-lit,KSF,No,,Yes,ProArt,LCD,IPS,Edge,KSF,medium,445.8,13.6,547.2,1.1,630.3,9.1,6.4,5.3,8.9,8.0,8.8,8.2,98.4,71.93,34.4,599.0,599.0,1592.0,9.2,16.5,9.1,31.5,60,6016 x 3384,16:9,219.1251577,Yes,,,NO_GT,2026-03-30T14:24:29.531116+00:00,https://i.rtings.com/assets/products/skZrZFzL/asus-proart-display-6k-pa32qcv/spd-large.jpg?format=auto,spd_images/monitors/asus-proart-display-6k-pa32qcv_spd.jpg
38128,ASUS ProArt Display PA279CRV,ASUS,asus-proart-display-pa279crv,https://www.rtings.com/monitor/reviews/asus/proart-display-pa279crv,238,v2.1.2,2023-05-01 00:00:00 -0400,2023-12-05 11:01:02 -0500,2026-03-17 13:18:49 -0400,"27"" (ProArt Display PA279CRV)",monitor,LCD,IPS,Edge-lit,KSF,No,,Yes,ProArt,LCD,IPS,Edge,KSF,medium,445.8,14.9,547.2,0.8,630.4,9.0,6.2,5.3,8.5,7.7,8.9,7.3,98.48,80.56,34.4,436.0,425.0,920.0,11.4,13.2,8.6,27.0,60,3840 x 2160,16:9,163.1783089,Yes,,,NO_GT,2026-03-30T14:24:29.531116+00:00,https://i.rtings.com/assets/products/PbQwLr4n/asus-proart-display-pa279crv/spd-large.jpg?format=auto,spd_images/monitors/asus-proart-display-pa279crv_spd.jpg
81301,ASUS ProArt Display PA27JCV,ASUS,asus-proart-display-pa27jcv,https://www.rtings.com/monitor/reviews/asus/proart-display-pa27jcv,238,v2.1.2,2024-10-28 00:00:00 -0400,2025-05-29 08:51:46 -0400,2026-03-17 13:18:49 -0400,"27"" (ProArt Display PA27JCV)",monitor,LCD,IPS,Edge-lit,KSF,No,,Yes,ProArt,LCD,IPS,Edge,KSF,medium,445.8,16.8,547.2,1.0,630.4,9.0,6.1,5.4,9.0,7.8,8.6,8.0,99.45,75.6,32.0,632.0,350.0,2019.0,12.2,16.5,9.25,27.0,60,5120 x 2880,16:9,217.5710785,Yes,,,NO_GT,2026-03-30T14:24:29.531116+00:00,https://i.rtings.com/assets/products/u781NFOY/asus-proart-display-pa27jcv/spd-large.jpg?format=auto,spd_images/monitors/asus-proart-display-pa27jcv_spd.jpg
72294,ASUS ROG Strix OLED XG27ACDNG,ASUS,asus-rog-strix-oled-xg27acdng,https://www.rtings.com/monitor/reviews/asus/rog-strix-oled-xg27acdng,238,v2.1.2,2024-10-21 00:00:00 -0400,2025-01-27 09:48:51 -0500,2026-03-26 14:47:41 -0400,"27"" (ROG Strix OLED XG27ACDNG)",monitor,OLED,QD-OLED,,QD-OLED,Yes,InP,Yes,ROG Strix OLED,OLED,QD-OLED,No Backlight,QD-OLED,high,452.6,21.6,532.7,29.6,637.3,36.2,9.2,9.1,7.3,8.9,8.9,7.2,99.32,79.82,47.6,454.0,992.0,inf,0.6,0.6,2.0,27.0,360,2560 x 1440,16:9,108.7855393,No,,,NO_GT,2026-03-30T14:24:29.531116+00:00,https://i.rtings.com/assets/products/NZ9mkXih/asus-rog-strix-oled-xg27acdng/spd-large.jpg?format=auto,spd_images/monitors/asus-rog-strix-oled-xg27acdng_spd.jpg
61784,ASUS ROG Strix OLED XG27AQDMG,ASUS,asus-rog-strix-oled-xg27aqdmg,https://www.rtings.com/monitor/reviews/asus/rog-strix-oled-xg27aqdmg,238,v2.1.2,2024-05-30 00:00:00 -0400,2024-08-02 09:57:49 -0400,2026-03-17 13:18:49 -0400,"27"" (ROG Strix OLED XG27AQDMG); 27"" (ROG Strix OLED XG27AQDMGZ)",monitor,OLED,WOLED,,WOLED,No,,Yes,ROG Strix OLED,OLED,WOLED,No Backlight,WOLED,high,452.7,24.9,558.9,112.1,,,9.0,8.3,7.1,8.6,8.3,7.5,96.34,69.39,34.8,760.0,1151.0,inf,0.3,0.3,2.6,26.5,240,2560 x 1440,16:9,110.8380966,No,,,NO_GT,2026-03-30T14:24:29.531116+00:00,https://i.rtings.com/assets/products/sYGNAB2t/asus-rog-strix-oled-xg27aqdmg/spd-large.jpg?format=auto,spd_images/monitors/asus-rog-strix-oled-xg27aqdmg_spd.jpg
114001,ASUS ROG Strix OLED XG27AQWMG,ASUS,asus-rog-strix-oled-xg27aqwmg,https://www.rtings.com/monitor/reviews/asus/rog-strix-oled-xg27aqwmg,238,v2.1.2,2025-11-27 00:00:00 -0500,2026-03-09 15:25:36 -0400,2026-03-24 15:50:58 -0400,"27"" (ROG Strix OLED XG27AQWMG)",monitor,OLED,WOLED,,WOLED,No,,Yes,ROG Strix OLED,OLED,WOLED,No Backlight,WOLED,high,452.5,22.2,534.1,53.2,626.3,39.2,9.1,9.1,7.3,8.7,8.9,7.6,99.73,78.15,42.5,767.0,1340.0,inf,0.5,0.5,3.1,26.5,280,2560 x 1440,16:9,110.8380966,No,,,NO_GT,2026-03-30T14:24:29.531116+00:00,https://i.rtings.com/assets/products/B5JQlDvt/asus-rog-strix-oled-xg27aqwmg/spd-large.jpg?format=auto,spd_images/monitors/asus-rog-strix-oled-xg27aqwmg_spd.jpg
100486,ASUS ROG Strix OLED XG32UCWMG,ASUS,asus-rog-strix-oled-xg32ucwmg,https://www.rtings.com/monitor/reviews/asus/rog-strix-oled-xg32ucwmg,238,v2.1.2,2025-09-19 00:00:00 -0400,2025-10-30 13:49:50 -0400,2026-03-17 13:18:49 -0400,"32"" (ROG Strix OLED XG32UCWMG)",monitor,OLED,WOLED,,WOLED,No,,Yes,ROG Strix OLED,OLED,WOLED,No Backlight,WOLED,high,453.1,25.2,558.9,122.7,,,9.2,9.2,7.9,9.0,8.5,7.2,96.18,69.68,34.0,674.0,1053.0,inf,0.4,0.4,2.6,31.5,240,3840 x 2160,16:9,139.8671219,No,,,NO_GT,2026-03-30T14:24:29.531116+00:00,https://i.rtings.com/assets/products/Ji0c2gPT/asus-rog-strix-oled-xg32ucwmg/spd-large.jpg?format=auto,spd_images/monitors/asus-rog-strix-oled-xg32ucwmg_spd.jpg
127444,ASUS ROG Strix Pulsar XG27AQNGV,ASUS,asus-rog-strix-pulsar-xg27aqngv,https://www.rtings.com/monitor/reviews/asus/rog-strix-pulsar-xg27aqngv,238,v2.1.2,2026-01-07 00:00:00 -0500,2026-03-26 14:45:01 -0400,2026-03-26 14:45:01 -0400,"27"" (ROG Strix Pulsar XG27AQNGV)",monitor,LCD,IPS,Edge-lit,Pseudo QD,No,,Yes,ROG,LCD,IPS,Edge,Pseudo QD,low,454.2,17.2,537.0,51.5,639.4,98.2,7.7,8.0,7.6,7.3,8.6,7.4,88.26,63.73,27.1,458.0,458.0,1190.0,2.4,2.7,2.5,27.0,360,2560 x 1440,16:9,108.7855393,No,,,NO_GT,2026-03-30T14:24:29.531116+00:00,https://i.rtings.com/assets/products/vCxRl2mk/asus-rog-strix-pulsar-xg27aqngv/spd-large.jpg?format=auto,spd_images/monitors/asus-rog-strix-pulsar-xg27aqngv_spd.jpg
56501,ASUS ROG Strix XG27ACS,ASUS,asus-rog-strix-xg27acs,https://www.rtings.com/monitor/reviews/asus/rog-strix-xg27acs,238,v2.1.2,2024-03-31 00:00:00 -0400,2024-10-04 15:19:42 -0400,2026-03-26 14:16:10 -0400,"27"" (ROG Strix XG27ACS); 27"" (ROG Strix XG27ACS-W)",monitor,LCD,IPS,Edge-lit,KSF,No,,Yes,ROG,LCD,IPS,Edge,KSF,medium,445.8,17.5,547.2,1.2,630.4,9.1,7.3,6.9,7.7,7.6,9.1,7.4,91.09,67.29,30.5,439.0,436.0,1155.0,3.6,6.8,4.1,27.0,180,2560 x 1440,16:9,108.7855393,No,,,NO_GT,2026-03-30T14:24:29.531116+00:00,https://i.rtings.com/assets/products/MQEzPzci/asus-rog-strix-xg27acs/spd-large.jpg?format=auto,spd_images/monitors/asus-rog-strix-xg27acs_spd.jpg
37157,ASUS ROG Swift OLED PG27AQDM,ASUS,asus-rog-swift-oled-pg27aqdm,https://www.rtings.com/monitor/reviews/asus/rog-swift-oled-pg27aqdm,238,v2.1.2,2023-06-09 00:00:00 -0400,2023-07-04 08:37:42 -0400,2026-03-17 13:18:49 -0400,"27"" (ROG Swift OLED PG27AQDM)",monitor,OLED,WOLED,,WOLED,No,,Yes,ROG Swift OLED,OLED,WOLED,No Backlight,WOLED,high,454.6,24.8,559.0,123.5,,,9.0,8.3,7.3,8.7,9.0,7.3,93.84,67.32,32.6,923.0,904.0,inf,0.2,0.2,2.5,27.0,240,2560 x 1440,16:9,108.7855393,No,,,NO_GT,2026-03-30T14:24:29.531116+00:00,https://i.rtings.com/assets/products/VrMtMMeU/asus-rog-swift-oled-pg27aqdm/spd-large.jpg?format=auto,spd_images/monitors/asus-rog-swift-oled-pg27aqdm_spd.jpg
49885,ASUS ROG Swift OLED PG27AQDP,ASUS,asus-rog-swift-oled-pg27aqdp,https://www.rtings.com/monitor/reviews/asus/rog-swift-oled-pg27aqdp,238,v2.1.2,2024-08-20 00:00:00 -0400,2024-11-08 09:26:03 -0500,2026-03-17 14:26:27 -0400,"27"" (ROG Swift OLED PG27AQDP)",monitor,OLED,WOLED,,WOLED,No,,Yes,ROG Swift OLED,OLED,WOLED,No Backlight,WOLED,high,454.2,24.4,559.9,123.8,,,9.2,9.0,7.5,8.6,8.5,7.3,97.69,71.46,34.9,772.0,1192.0,inf,0.2,0.4,1.7,27.0,480,2560 x 1440,16:9,108.7855393,No,,,NO_GT,2026-03-30T14:24:29.531116+00:00,https://i.rtings.com/assets/products/ea8ZotlP/asus-rog-swift-oled-pg27aqdp/spd-large.jpg?format=auto,spd_images/monitors/asus-rog-swift-oled-pg27aqdp_spd.jpg
110675,ASUS ROG Swift OLED PG27AQWP-W,ASUS,asus-rog-swift-oled-pg27aqwp-w,https://www.rtings.com/monitor/reviews/asus/rog-swift-oled-pg27aqwp-w,238,v2.1.2,2025-11-07 00:00:00 -0500,2026-03-17 14:22:26 -0400,2026-03-17 15:12:12 -0400,"27"" (ROG Swift OLED PG27AQWP-W)",monitor,OLED,WOLED,,WOLED,No,,Yes,ROG Swift OLED,OLED,WOLED,No Backlight,WOLED,high,450.9,21.8,533.4,44.7,625.9,39.1,9.4,9.2,7.3,8.6,8.8,7.7,99.4,77.86,42.3,811.0,1381.0,inf,0.5,0.5,1.4,26.5,540,2560 x 1440,16:9,110.8380966,No,,,NO_GT,2026-03-30T14:24:29.531116+00:00,https://i.rtings.com/assets/products/3y3Z1i52/asus-rog-swift-oled-pg27aqwp-w/spd-large.jpg?format=auto,spd_images/monitors/asus-rog-swift-oled-pg27aqwp-w_spd.jpg
88031,ASUS ROG Swift OLED PG27UCDM,ASUS,asus-rog-swift-oled-pg27ucdm,https://www.rtings.com/monitor/reviews/asus/rog-swift-oled-pg27ucdm,238,v2.1.2,2025-01-21 00:00:00 -0500,2025-03-21 15:40:57 -0400,2026-03-17 13:18:49 -0400,"27"" (ROG Swift OLED PG27UCDM)",monitor,OLED,QD-OLED,,QD-OLED,Yes,InP,Yes,ROG Swift OLED,OLED,QD-OLED,No Backlight,QD-OLED,high,452.1,22.3,529.0,28.2,635.1,36.1,9.1,9.4,8.3,9.3,9.2,7.2,99.42,77.3,45.6,460.0,1016.0,inf,0.2,0.4,2.7,26.5,240,3840 x 2160,16:9,166.2571449,No,,,NO_GT,2026-03-30T14:24:29.531116+00:00,https://i.rtings.com/assets/products/1zWh9st2/asus-rog-swift-oled-pg27ucdm/spd-large.jpg?format=auto,spd_images/monitors/asus-rog-swift-oled-pg27ucdm_spd.jpg
42065,ASUS ROG Swift OLED PG32UCDM,ASUS,asus-rog-swift-oled-pg32ucdm,https://www.rtings.com/monitor/reviews/asus/rog-swift-oled-pg32ucdm,238,v2.1.2,2024-03-01 00:00:00 -0500,2024-06-03 10:03:18 -0400,2026-03-17 13:18:49 -0400,"32"" (ROG Swift OLED PG32UCDM)",monitor,OLED,QD-OLED,,QD-OLED,Yes,InP,Yes,ROG Swift OLED,OLED,QD-OLED,No Backlight,QD-OLED,high,449.6,21.3,531.9,29.8,637.7,37.4,9.1,9.2,7.6,8.9,8.2,7.0,98.9,78.7,47.0,466.0,1025.0,inf,0.3,0.3,2.7,31.5,240,3840 x 2160,16:9,139.8671219,No,,,NO_GT,2026-03-30T14:24:29.531116+00:00,https://i.rtings.com/assets/products/RjyjAuP9/asus-rog-swift-oled-pg32ucdm/spd-large.jpg?format=auto,spd_images/monitors/asus-rog-swift-oled-pg32ucdm_spd.jpg
49884,ASUS ROG Swift OLED PG32UCDP,ASUS,asus-rog-swift-oled-pg32ucdp,https://www.rtings.com/monitor/reviews/asus/rog-swift-oled-pg32ucdp,238,v2.1.2,2024-08-05 00:00:00 -0400,2024-09-20 08:52:35 -0400,2026-03-17 13:18:49 -0400,"32"" (ROG Swift OLED PG32UCDP)",monitor,OLED,WOLED,,WOLED,No,,Yes,ROG Swift OLED,OLED,WOLED,No Backlight,WOLED,high,454.4,24.9,559.0,125.6,,,9.2,9.2,8.0,9.0,8.5,7.0,97.08,70.76,33.2,694.0,1080.0,inf,0.3,0.3,2.7,31.5,240,3840 x 2160,16:9,139.8671219,No,,,NO_GT,2026-03-30T14:24:29.531116+00:00,https://i.rtings.com/assets/products/LrZiTJWF/asus-rog-swift-oled-pg32ucdp/spd-large.jpg?format=auto,spd_images/monitors/asus-rog-swift-oled-pg32ucdp_spd.jpg
39860,Acer Nitro XV275K P3biipruzx,Acer,acer-nitro-xv275k-p3biipruzx,https://www.rtings.com/monitor/reviews/acer/nitro-xv275k-p3biipruzx,238,v2.1.2,2023-06-01 00:00:00 -0400,2023-11-21 12:23:07 -0500,2026-03-17 13:18:49 -0400,"27"" (Nitro XV275K P3biipruzx)",monitor,LCD,IPS,Direct-lit,QD-LCD,Yes,CdSe,Yes,,LCD,IPS,Full-Array,QD-LCD,high,445.9,16.5,529.1,22.3,624.0,19.7,7.7,8.5,8.8,8.1,9.0,8.8,95.73,83.83,44.2,1412.0,773.0,1141.0,4.4,5.7,3.7,27.0,160,3840 x 2160,16:9,163.1783089,Yes,,,NO_GT,2026-03-30T14:24:29.531116+00:00,https://i.rtings.com/assets/products/pEWwfO4G/acer-nitro-xv275k-p3biipruzx/spd-large.jpg?format=auto,spd_images/monitors/acer-nitro-xv275k-p3biipruzx_spd.jpg
113401,Acer Nitro XV275K P5biipruzx,Acer,acer-nitro-xv275k-p5biipruzx,https://www.rtings.com/monitor/reviews/acer/nitro-xv275k-p5biipruzx,238,v2.1.2,2025-09-26 00:00:00 -0400,2025-11-13 12:16:01 -0500,2026-03-17 13:18:49 -0400,"27"" (Nitro XV275K P5biipruzx)",monitor,LCD,IPS,Direct-lit,QD-LCD,Yes,CdSe,Yes,,LCD,IPS,Full-Array,QD-LCD,high,445.9,16.5,529.1,22.3,624.0,19.7,7.7,8.5,8.4,7.9,8.5,8.7,94.99,80.02,40.8,1243.0,727.0,1145.0,4.1,7.0,3.7,27.0,160,3840 x 2160,16:9,163.1783089,Yes,,,NO_GT,2026-03-30T14:24:29.531116+00:00,https://i.rtings.com/assets/products/qZ0l9aSy/acer-nitro-xv275k-p5biipruzx/spd-large.jpg?format=auto,spd_images/monitors/acer-nitro-xv275k-p5biipruzx_spd.jpg
32280,Apple Studio Display 2022,Apple,apple-studio-display-2022,https://www.rtings.com/monitor/reviews/apple/studio-display,238,v2.1.2,2022-03-18 00:00:00 -0400,2022-05-03 10:54:59 -0400,2026-03-27 11:38:38 -0400,Nano-Texture Glass and Tilt Adjustable (Studio Display 2022); Nano-texture Glass Tilt and Height-Adjustable (Studio Display 2022); Nano-texture Glass and VESA Mount Adapter (Studio Display 2022); Standard Glass Tilt and Height-Adjustable (Studio Display 2022); Standard Glass and Tilt Adjustable (Studio Display 2022); Standard Glass and VESA Mount Adapter (Studio Display 2022),monitor,LCD,IPS,Edge-lit,KSF,No,,Yes,,LCD,IPS,Edge,KSF,medium,445.8,14.0,547.2,1.3,630.3,9.0,5.1,2.3,8.3,7.4,9.4,3.5,,,,,,1052.0,18.4,18.4,9.6,27.0,60,5120 x 2880,16:9,217.5710785,No,,,NO_GT,2026-03-30T14:24:29.531116+00:00,https://i.rtings.com/assets/products/wnPZySsS/apple-studio-display/spd-large.jpg?format=auto,spd_images/monitors/apple-studio-display-2022_spd.jpg
133967,Apple Studio Display 2026,Apple,apple-studio-display-2026,https://www.rtings.com/early-access/monitor/reviews/apple/studio-display-2026,238,v2.1.2,2026-03-11 00:00:00 -0400,,2026-03-27 11:37:13 -0400,"27"" - Nano-texture glass/Tilt- and height-adjustable stand (Studio Display 2026); 27"" - Nano-texture glass/Tilt-adjustable stand (Studio Display 2026); 27"" - Nano-texture glass/VESA mount adapter (Studio Display 2026); 27"" - Standard glass/Tilt- and height-adjustable stand (Studio Display 2026); 27"" - Standard glass/Tilt-adjustable stand (Studio Display 2026); 27"" - Standard glass/VESA mount adapter (Studio Display 2026)",monitor,LCD,IPS,Edge-lit,KSF,No,,Yes,,LCD,IPS,Edge,KSF,medium,445.8,13.9,547.2,1.3,630.3,9.1,5.2,2.4,8.2,7.6,9.4,3.4,,,,,,1145.0,18.5,18.5,8.9,27.0,60,5120 x 2880,16:9,217.5710785,No,,,NO_GT,2026-03-30T14:24:29.531116+00:00,https://i.rtings.com/assets/products/QxNi2Pnh/apple-studio-display-2026/spd-large.jpg?format=auto,spd_images/monitors/apple-studio-display-2026_spd.jpg
66546,BenQ MOBIUZ EX321UX,BenQ,benq-mobiuz-ex321ux,https://www.rtings.com/monitor/reviews/benq/mobiuz-ex321ux,238,v2.1.2,2024-08-03 00:00:00 -0400,2025-06-23 09:49:05 -0400,2026-03-17 13:18:49 -0400,"32"" (MOBIUZ EX321UX)",monitor,LCD,IPS,Direct-lit,QD-LCD,Yes,CdSe,Yes,,LCD,IPS,Full-Array,QD-LCD,high,445.8,14.6,530.8,25.9,627.7,20.1,7.9,8.5,8.4,8.2,8.8,9.3,99.58,86.25,50.9,1447.0,1051.0,1272.0,4.1,5.5,4.25,31.5,144,3840 x 2160,16:9,139.8671219,Yes,,,NO_GT,2026-03-30T14:24:29.531116+00:00,https://i.rtings.com/assets/products/CaseoE9j/benq-mobiuz-ex321ux/spd-large.jpg?format=auto,spd_images/monitors/benq-mobiuz-ex321ux_spd.jpg
40848,Dell Alienware AW2724DM,Dell,dell-alienware-aw2724dm,https://www.rtings.com/monitor/reviews/dell/alienware-aw2724dm,238,v2.1.2,2023-06-01 00:00:00 -0400,2023-09-19 08:25:54 -0400,2026-03-17 13:18:49 -0400,"27"" (Alienware AW2724DM)",monitor,LCD,IPS,Edge-lit,KSF,No,,Yes,Alienware,LCD,IPS,Edge,KSF,medium,445.8,15.7,547.2,1.1,630.3,9.1,7.3,7.1,7.6,7.4,8.8,7.9,96.17,72.63,30.4,618.0,328.0,989.0,4.5,5.3,3.3,27.0,165,2560 x 1440,16:9,108.7855393,Yes,,,NO_GT,2026-03-30T14:24:29.531116+00:00,https://i.rtings.com/assets/products/fiSdrSEg/dell-alienware-aw2724dm/spd-large.jpg?format=auto,spd_images/monitors/dell-alienware-aw2724dm_spd.jpg
46678,Dell Alienware AW2725DF,Dell,dell-alienware-aw2725df,https://www.rtings.com/monitor/reviews/dell/alienware-aw2725df,238,v2.1.2,2024-01-01 00:00:00 -0500,2024-03-13 13:33:51 -0400,2026-03-17 13:18:49 -0400,"27"" (Alienware AW2725DF)",monitor,OLED,QD-OLED,,QD-OLED,Yes,InP,Yes,Alienware QD-OLED,OLED,QD-OLED,No Backlight,QD-OLED,high,452.6,21.7,532.6,29.7,638.1,36.2,9.2,8.3,7.0,9.0,9.5,6.6,99.57,80.18,47.6,445.0,984.0,inf,0.2,0.2,2.1,27.0,360,2560 x 1440,16:9,108.7855393,No,,,NO_GT,2026-03-30T14:24:29.531116+00:00,https://i.rtings.com/assets/products/claYiwSO/dell-alienware-aw2725df/spd-large.jpg?format=auto,spd_images/monitors/dell-alienware-aw2725df_spd.jpg
96305,Dell Alienware AW2725DM,Dell,dell-alienware-aw2725dm,https://www.rtings.com/monitor/reviews/dell/alienware-aw2725dm,238,v2.1.2,2025-03-06 00:00:00 -0500,2026-02-18 09:16:13 -0500,2026-03-17 13:18:49 -0400,"27"" (Alienware AW2725DM)",monitor,LCD,IPS,Edge-lit,KSF,No,,Yes,Alienware,LCD,IPS,Edge,KSF,medium,445.8,15.7,547.2,1.1,630.3,9.1,7.3,7.1,7.8,7.4,8.4,7.3,92.16,66.76,30.4,448.0,272.0,968.0,4.2,4.8,3.4,27.0,180,2560 x 1440,16:9,108.7855393,Yes,,,NO_GT,2026-03-30T14:24:29.531116+00:00,https://i.rtings.com/assets/products/63wEvEqd/dell-alienware-aw2725dm/spd-large.jpg?format=auto,spd_images/monitors/dell-alienware-aw2725dm_spd.jpg
88487,Dell Alienware AW2725Q,Dell,dell-alienware-aw2725q,https://www.rtings.com/monitor/reviews/dell/alienware-aw2725q,238,v2.1.2,2025-03-04 00:00:00 -0500,2025-04-08 15:01:44 -0400,2026-03-17 13:18:49 -0400,"27"" (Alienware AW2725Q)",monitor,OLED,QD-OLED,,QD-OLED,Yes,InP,Yes,Alienware QD-OLED,OLED,QD-OLED,No Backlight,QD-OLED,high,452.0,21.6,528.9,27.7,634.3,36.1,9.0,9.3,8.1,8.9,8.0,6.6,99.63,78.34,45.7,461.0,1003.0,inf,0.4,0.4,2.8,26.7,240,3840 x 2160,16:9,165.011773,No,,,NO_GT,2026-03-30T14:24:29.531116+00:00,https://i.rtings.com/assets/products/6lq96V7D/dell-alienware-aw2725q/spd-large.jpg?format=auto,spd_images/monitors/dell-alienware-aw2725q_spd.jpg
77245,Dell Alienware AW2725QF,Dell,dell-alienware-aw2725qf,https://www.rtings.com/monitor/reviews/dell/alienware-aw2725qf,238,v2.1.2,2024-09-01 00:00:00 -0400,2025-08-26 10:07:38 -0400,2026-03-17 13:18:49 -0400,"27"" (Alienware AW2725QF)",monitor,LCD,IPS,Edge-lit,KSF,No,,Yes,Alienware,LCD,IPS,Edge,KSF,medium,445.8,15.4,547.2,1.1,630.3,9.0,7.5,8.2,8.4,7.7,8.9,7.9,91.62,67.58,34.4,648.0,443.0,1154.0,3.9,7.9,4.3,27.0,165,3840 x 2160,16:9,163.1783089,Yes,,,NO_GT,2026-03-30T14:24:29.531116+00:00,https://i.rtings.com/assets/products/BI6V8GgI/dell-alienware-aw2725qf/spd-large.jpg?format=auto,spd_images/monitors/dell-alienware-aw2725qf_spd.jpg
96306,Dell Alienware AW3225DM,Dell,dell-alienware-aw3225dm,https://www.rtings.com/monitor/reviews/dell/alienware-aw3225dm,238,v2.1.2,2025-03-06 00:00:00 -0500,2025-07-21 10:12:21 -0400,2026-03-17 13:18:49 -0400,"32"" (Alienware AW3225DM)",monitor,LCD,VA,Edge-lit,KSF,No,,Yes,Alienware,LCD,VA,Edge,KSF,medium,445.8,17.7,547.2,1.2,630.4,8.9,7.6,7.3,7.4,7.4,8.5,7.7,88.04,65.88,30.7,504.0,320.0,4073.0,4.1,4.8,3.9,31.5,180,2560 x 1440,16:9,93.24474794,Yes,,,NO_GT,2026-03-30T14:24:29.531116+00:00,https://i.rtings.com/assets/products/QXnfgRGC/dell-alienware-aw3225dm/spd-large.jpg?format=auto,spd_images/monitors/dell-alienware-aw3225dm_spd.jpg
46677,Dell Alienware AW3225QF,Dell,dell-alienware-aw3225qf,https://www.rtings.com/monitor/reviews/dell/alienware-aw3225qf,238,v2.1.2,2024-01-11 00:00:00 -0500,2024-02-06 11:33:04 -0500,2026-03-18 13:59:22 -0400,"32"" (Alienware AW3225QF)",monitor,OLED,QD-OLED,,QD-OLED,Yes,InP,Yes,Alienware QD-OLED,OLED,QD-OLED,No Backlight,QD-OLED,high,445.9,21.9,528.8,30.2,635.2,37.6,9.0,9.0,7.5,9.3,9.6,6.8,98.79,78.32,45.6,448.0,976.0,inf,0.4,0.4,3.1,32.0,240,3840 x 2160,16:9,137.6816981,No,,,NO_GT,2026-03-30T14:24:29.531116+00:00,https://i.rtings.com/assets/products/RsjnnWVO/dell-alienware-aw3225qf/spd-large.jpg?format=auto,spd_images/monitors/dell-alienware-aw3225qf_spd.jpg
94176,Dell Alienware AW3425DW,Dell,dell-alienware-aw3425dw,https://www.rtings.com/monitor/reviews/dell/alienware-aw3425dw,238,v2.1.2,2025-04-29 00:00:00 -0400,2025-08-14 11:25:40 -0400,2026-03-17 13:18:49 -0400,"34"" (Alienware AW3425DW)",monitor,OLED,QD-OLED,,QD-OLED,Yes,InP,Yes,Alienware QD-OLED,OLED,QD-OLED,No Backlight,QD-OLED,high,445.9,20.5,528.8,30.0,635.6,36.7,9.1,9.1,6.9,9.0,9.4,6.8,99.51,80.71,48.7,457.0,1003.0,inf,0.2,1.2,2.9,34.2,240,3440 x 1440,21:9,109.0419838,No,,,NO_GT,2026-03-30T14:24:29.531116+00:00,https://i.rtings.com/assets/products/7rPDzkYk/dell-alienware-aw3425dw/spd-large.jpg?format=auto,spd_images/monitors/dell-alienware-aw3425dw_spd.jpg
96004,Dell Alienware AW3425DWM,Dell,dell-alienware-aw3425dwm,https://www.rtings.com/monitor/reviews/dell/alienware-aw3425dwm,238,v2.1.2,2025-03-06 00:00:00 -0500,2025-07-04 09:44:30 -0400,2026-03-17 13:18:49 -0400,"34"" (AW3425DWM)",monitor,LCD,VA,Edge-lit,KSF,No,,Yes,Alienware,LCD,VA,Edge,KSF,medium,445.8,14.6,547.2,1.2,630.4,9.0,7.6,7.3,7.5,7.5,8.4,7.7,89.55,66.68,32.5,505.0,504.0,3992.0,4.1,5.8,4.0,34.0,180,3440 x 1440,21:9,109.6834073,Yes,,,NO_GT,2026-03-30T14:24:29.531116+00:00,https://i.rtings.com/assets/products/OK7A9HOH/dell-alienware-aw3425dwm/spd-large.jpg?format=auto,spd_images/monitors/dell-alienware-aw3425dwm_spd.jpg
126616,Dell S2725DC,Dell,dell-s2725dc,https://www.rtings.com/monitor/reviews/dell/s2725dc,238,v2.1.2,2026-01-08 00:00:00 -0500,2026-02-02 14:59:50 -0500,2026-03-17 13:18:49 -0400,"27"" (S2725DC)",monitor,LCD,IPS,Edge-lit,KSF,No,,Yes,,LCD,IPS,Edge,KSF,medium,456.0,21.3,547.2,1.3,630.3,9.1,6.0,4.9,7.7,6.7,8.2,3.2,,,,,,1332.0,7.5,7.7,4.4,27.0,144,2560 x 1440,16:9,108.7855393,No,,,NO_GT,2026-03-30T14:24:29.531116+00:00,https://i.rtings.com/assets/products/BY4SY2fU/dell-s2725dc/spd-large.jpg?format=auto,spd_images/monitors/dell-s2725dc_spd.jpg
94439,Dell S2725QC,Dell,dell-s2725qc,https://www.rtings.com/monitor/reviews/dell/s2725qc,238,v2.1.2,2025-03-20 00:00:00 -0400,2025-09-12 15:35:19 -0400,2026-03-17 13:18:49 -0400,"27"" (S2725QC)",monitor,LCD,IPS,Edge-lit,KSF,No,,Yes,,LCD,IPS,Edge,KSF,medium,456.0,18.8,547.2,1.3,630.4,9.0,6.1,7.3,8.4,7.8,8.8,7.0,82.29,59.19,23.5,359.0,359.0,1445.0,9.0,13.9,4.7,27.0,120,3840 x 2160,16:9,163.1783089,No,,,NO_GT,2026-03-30T14:24:29.531116+00:00,https://i.rtings.com/assets/products/9XMaNjFZ/dell-s2725qc/spd-large.jpg?format=auto,spd_images/monitors/dell-s2725qc_spd.jpg
96735,Dell S2725QS,Dell,dell-s2725qs,https://www.rtings.com/monitor/reviews/dell/s2725qs,238,v2.1.2,2025-03-19 20:00:01 -0400,2025-09-30 12:33:14 -0400,2026-03-23 14:07:31 -0400,"27"" (S2725QS)",monitor,LCD,IPS,Edge-lit,KSF,No,,Yes,,LCD,IPS,Edge,KSF,medium,454.0,19.0,547.2,12.6,630.3,9.7,6.1,7.3,8.4,7.9,8.9,7.2,85.58,61.64,24.7,365.0,365.0,1386.0,11.0,11.0,4.6,27.0,120,3840 x 2160,16:9,163.1783089,No,,,NO_GT,2026-03-30T14:24:29.531116+00:00,https://i.rtings.com/assets/products/vjCTKpVT/dell-s2725qs/spd-large.jpg?format=auto,spd_images/monitors/dell-s2725qs_spd.jpg
88588,Dell S3225QC,Dell,dell-s3225qc,https://www.rtings.com/monitor/reviews/dell/s3225qc,238,v2.1.2,2025-05-22 00:00:00 -0400,2025-11-03 13:30:22 -0500,2026-03-17 13:18:49 -0400,"32"" (S3225QC)",monitor,OLED,QD-OLED,,QD-OLED,Yes,InP,Yes,,OLED,QD-OLED,No Backlight,QD-OLED,high,449.5,22.0,532.1,30.4,637.1,36.5,8.8,9.0,7.6,9.0,8.4,6.7,98.37,78.54,45.2,430.0,945.0,inf,0.3,0.3,5.9,31.6,120,3840 x 2160,16:9,139.4245044,No,,,NO_GT,2026-03-30T14:24:29.531116+00:00,https://i.rtings.com/assets/products/mZ7PgJFI/dell-s3225qc/spd-large.jpg?format=auto,spd_images/monitors/dell-s3225qc_spd.jpg
96307,Dell S3225QS,Dell,dell-s3225qs,https://www.rtings.com/monitor/reviews/dell/s3225qs,238,v2.1.2,2025-04-14 00:00:00 -0400,2025-08-07 09:15:18 -0400,2026-03-17 13:18:49 -0400,"32"" (S3225QS)",monitor,LCD,VA,Edge-lit,KSF,No,,Yes,,LCD,VA,Edge,KSF,medium,455.9,21.0,547.2,1.2,630.4,9.1,6.7,7.5,8.1,7.6,8.5,7.1,83.22,61.84,26.4,377.0,376.0,3701.0,7.7,12.8,5.8,31.5,120,3840 x 2160,16:9,139.8671219,No,,,NO_GT,2026-03-30T14:24:29.531116+00:00,https://i.rtings.com/assets/products/dI8syvfB/dell-s3225qs/spd-large.jpg?format=auto,spd_images/monitors/dell-s3225qs_spd.jpg
88589,Dell U2725QE,Dell,dell-u2725qe,https://www.rtings.com/monitor/reviews/dell/u2725qe,238,v2.1.2,2025-02-25 00:00:00 -0500,2025-04-24 13:54:24 -0400,2026-03-17 13:18:49 -0400,"27"" (U2725QE)",monitor,LCD,IPS,Edge-lit,KSF,No,,Yes,,LCD,IPS,Edge,KSF,medium,456.0,17.6,547.2,1.0,630.4,10.2,6.5,7.9,8.5,7.9,8.1,8.1,98.78,76.99,37.0,672.0,543.0,2410.0,8.4,15.1,5.0,27.0,120,3840 x 2160,16:9,163.1783089,Yes,,,NO_GT,2026-03-30T14:24:29.531116+00:00,https://i.rtings.com/assets/products/oi1ztpSL/dell-u2725qe/spd-large.jpg?format=auto,spd_images/monitors/dell-u2725qe_spd.jpg
88590,Dell U3225QE,Dell,dell-u3225qe,https://www.rtings.com/monitor/reviews/dell/u3225qe,238,v2.1.2,2025-02-25 00:00:00 -0500,2025-04-08 12:33:46 -0400,2026-03-17 13:18:49 -0400,"32"" (U3225QE)",monitor,LCD,IPS,Edge-lit,KSF,No,,Yes,,LCD,IPS,Edge,KSF,medium,455.9,16.1,547.2,1.2,630.3,10.3,6.4,7.9,8.4,8.0,8.6,8.0,98.78,76.55,36.4,623.0,507.0,2252.0,11.9,12.1,5.3,31.5,120,3840 x 2160,16:9,139.8671219,Yes,,,NO_GT,2026-03-30T14:24:29.531116+00:00,https://i.rtings.com/assets/products/mPMBqDC5/dell-u3225qe/spd-large.jpg?format=auto,spd_images/monitors/dell-u3225qe_spd.jpg
49534,Dell U4025QW,Dell,dell-u4025qw,https://www.rtings.com/monitor/reviews/dell/u4025qw,238,v2.1.2,2024-02-01 00:00:00 -0500,2024-05-03 13:01:50 -0400,2026-03-17 13:18:49 -0400,"40"" (U4025QW)",monitor,LCD,IPS,Edge-lit,KSF,No,,Yes,,LCD,IPS,Edge,KSF,medium,457.9,17.3,547.2,1.0,630.3,10.0,6.3,5.8,8.1,8.0,8.9,7.7,96.33,77.75,38.1,588.0,559.0,1918.0,16.3,16.3,4.7,39.7,120,5120 x 2160,21:9,139.9742467,Yes,,,NO_GT,2026-03-30T14:24:29.531116+00:00,https://i.rtings.com/assets/products/MkgWMJ11/dell-u4025qw/spd-large.jpg?format=auto,spd_images/monitors/dell-u4025qw_spd.jpg
127358,Dell U5226KW,Dell,dell-u5226kw,https://www.rtings.com/monitor/reviews/dell/u5226kw,238,v2.1.2,2026-01-12 00:00:00 -0500,2026-02-11 08:55:08 -0500,2026-03-17 13:18:49 -0400,"52"" (U5226KW)",monitor,LCD,IPS,Edge-lit,KSF,No,,Yes,,LCD,IPS,Edge,KSF,medium,460.5,15.5,532.7,31.7,631.3,14.4,5.4,5.1,7.7,7.3,9.2,3.2,,,,,,1694.0,8.4,17.4,5.0,51.5,120,6144 x 2560,21:9,129.2427184,No,,,NO_GT,2026-03-30T14:24:29.531116+00:00,https://i.rtings.com/assets/products/b9jKSWFX/dell-u5226kw/spd-large.jpg?format=auto,spd_images/monitors/dell-u5226kw_spd.jpg
51510,Gigabyte AORUS FO27Q3,Gigabyte,gigabyte-aorus-fo27q3,https://www.rtings.com/monitor/reviews/gigabyte/aorus-fo27q3,238,v2.1.2,2024-04-30 00:00:00 -0400,2024-06-17 12:10:01 -0400,2026-03-17 13:18:49 -0400,"27"" (AORUS FO27Q3)",monitor,OLED,QD-OLED,,QD-OLED,Yes,InP,Yes,AORUS,OLED,QD-OLED,No Backlight,QD-OLED,high,449.8,21.0,532.1,29.5,637.8,36.8,9.3,9.2,7.3,9.0,9.2,7.3,99.47,80.13,48.3,472.0,1044.0,inf,0.3,0.3,2.1,27.0,360,2560 x 1440,16:9,108.7855393,No,,,NO_GT,2026-03-30T14:24:29.531116+00:00,https://i.rtings.com/assets/products/jV5LRscC/gigabyte-aorus-fo27q3/spd-large.jpg?format=auto,spd_images/monitors/gigabyte-aorus-fo27q3_spd.jpg
49896,Gigabyte AORUS FO32U2P,Gigabyte,gigabyte-aorus-fo32u2p,https://www.rtings.com/monitor/reviews/gigabyte/aorus-fo32u2p,238,v2.1.2,2024-04-01 00:00:00 -0400,2024-06-13 16:15:35 -0400,2026-03-17 13:18:49 -0400,"32"" (AORUS FO32U2P)",monitor,OLED,QD-OLED,,QD-OLED,Yes,InP,Yes,AORUS,OLED,QD-OLED,No Backlight,QD-OLED,high,445.9,21.3,528.8,30.2,634.9,37.0,9.1,9.4,8.0,9.2,9.2,7.2,99.12,79.05,46.8,459.0,1019.0,inf,0.3,0.3,2.7,32.0,240,3840 x 2160,16:9,137.6816981,No,,,NO_GT,2026-03-30T14:24:29.531116+00:00,https://i.rtings.com/assets/products/e6sNrfja/gigabyte-aorus-fo32u2p/spd-large.jpg?format=auto,spd_images/monitors/gigabyte-aorus-fo32u2p_spd.jpg
101122,Gigabyte MO27Q28G,Gigabyte,gigabyte-mo27q28g,https://www.rtings.com/monitor/reviews/gigabyte/mo27q28g,238,v2.1.2,2025-12-16 00:00:00 -0500,2026-01-20 13:53:50 -0500,2026-03-17 13:18:49 -0400,"27"" (MO27Q28G)",monitor,OLED,WOLED,,WOLED,No,,Yes,,OLED,WOLED,No Backlight,WOLED,high,452.4,21.7,534.3,54.4,625.9,39.1,9.1,9.1,7.6,8.6,8.5,7.7,99.87,78.41,42.2,620.0,1316.0,inf,0.4,0.9,2.3,27.0,280,2560 x 1440,16:9,108.7855393,No,,,NO_GT,2026-03-30T14:24:29.531116+00:00,https://i.rtings.com/assets/products/7HqRnPag/gigabyte-mo27q28g/spd-large.jpg?format=auto,spd_images/monitors/gigabyte-mo27q28g_spd.jpg
97892,LG 24GS65F-B,LG,lg-24gs65f-b,https://www.rtings.com/monitor/reviews/lg/24gs65f-b,238,v2.1.2,2025-03-12 00:00:00 -0400,2025-10-06 13:15:01 -0400,2026-03-17 13:18:49 -0400,"24"" (24GS65F-B)",monitor,LCD,IPS,Edge-lit,KSF,No,,Yes,UltraGear,LCD,IPS,Edge,KSF,medium,445.8,16.0,547.2,6.4,630.3,9.1,7.0,5.1,7.0,6.6,7.6,7.0,90.96,67.31,27.0,366.0,366.0,878.0,6.5,6.8,3.3,23.8,180,1920 x 1080,16:9,92.55912479,No,,,NO_GT,2026-03-30T14:24:29.531116+00:00,https://i.rtings.com/assets/products/1FrDU5q3/lg-24gs65f-b/spd-large.jpg?format=auto,spd_images/monitors/lg-24gs65f-b_spd.jpg
126131,LG 27G610A-B,LG,lg-27g610a-b,https://www.rtings.com/monitor/reviews/lg/27g610a-b,238,v2.1.2,2025-11-01 00:00:00 -0400,2026-02-18 09:10:56 -0500,2026-03-17 13:18:49 -0400,"27"" (27G610A-B)",monitor,LCD,IPS,Edge-lit,KSF,No,,Yes,UltraGear,LCD,IPS,Edge,KSF,medium,441.9,15.1,547.2,3.1,630.3,9.1,7.2,6.6,7.7,6.7,6.5,7.3,90.86,65.64,26.9,460.0,326.0,1459.0,4.8,5.9,3.6,27.0,200,2560 x 1440,16:9,108.7855393,No,,,NO_GT,2026-03-30T14:24:29.531116+00:00,https://i.rtings.com/assets/products/QQahoP9W/lg-27g610a-b/spd-large.jpg?format=auto,spd_images/monitors/lg-27g610a-b_spd.jpg
94531,LG 27G850A-B,LG,lg-27g850a-b,https://www.rtings.com/monitor/reviews/lg/27g850a-b,238,v2.1.2,2025-03-24 00:00:00 -0400,2025-07-31 16:01:42 -0400,2026-03-17 13:18:49 -0400,"27"" (27G850A-B)",monitor,LCD,IPS,Edge-lit,KSF,No,,Yes,UltraGear,LCD,IPS,Edge,KSF,medium,451.9,17.4,547.2,5.9,630.4,10.6,7.6,8.2,8.4,7.7,8.2,8.4,98.82,73.67,37.3,769.0,775.0,1734.0,7.0,7.0,3.1,26.95,240,3840 x 2160,16:9,163.4810516,Yes,,,NO_GT,2026-03-30T14:24:29.531116+00:00,https://i.rtings.com/assets/products/Xi6BzZLc/lg-27g850a-b/spd-large.jpg?format=auto,spd_images/monitors/lg-27g850a-b_spd.jpg
41927,LG 27GR83Q-B,LG,lg-27gr83q-b,https://www.rtings.com/monitor/reviews/lg/27gr83q-b,238,v2.1.2,2023-08-01 00:00:00 -0400,2023-11-28 09:52:18 -0500,2026-03-17 13:18:49 -0400,"27"" (27GR83Q-B)",monitor,LCD,IPS,Edge-lit,KSF,No,,Yes,UltraGear,LCD,IPS,Edge,KSF,medium,445.8,17.2,547.2,1.2,630.3,9.0,7.2,7.8,7.6,7.2,8.3,7.7,90.13,66.23,29.4,504.0,504.0,1201.0,6.5,6.6,3.2,27.0,240,2560 x 1440,16:9,108.7855393,No,,,NO_GT,2026-03-30T14:24:29.531116+00:00,https://i.rtings.com/assets/products/GWzyx9Ra/lg-27gr83q-b/spd-large.jpg?format=auto,spd_images/monitors/lg-27gr83q-b_spd.jpg
40716,LG 27GR93U-B,LG,lg-27gr93u-b,https://www.rtings.com/monitor/reviews/lg/27gr93u-b,238,v2.1.2,2023-08-01 00:00:00 -0400,2023-11-07 11:59:58 -0500,2026-03-17 13:18:49 -0400,"27"" (27GR93U-B)",monitor,LCD,IPS,Edge-lit,KSF,No,,Yes,UltraGear,LCD,IPS,Edge,KSF,medium,452.1,17.1,547.2,1.1,630.3,9.1,7.1,8.0,8.3,7.7,8.5,7.7,95.87,70.89,30.4,533.0,532.0,1020.0,4.8,6.7,4.5,27.0,144,3840 x 2160,16:9,163.1783089,No,,,NO_GT,2026-03-30T14:24:29.531116+00:00,https://i.rtings.com/assets/products/ai7IzVHu/lg-27gr93u-b/spd-large.jpg?format=auto,spd_images/monitors/lg-27gr93u-b_spd.jpg
49556,LG 27GS95QE-B,LG,lg-27gs95qe-b,https://www.rtings.com/monitor/reviews/lg/27gs95qe-b,238,v2.1.2,2024-02-01 00:00:00 -0500,2024-03-26 12:18:00 -0400,2026-03-17 13:18:49 -0400,"27"" (27GS95QE-B)",monitor,OLED,WOLED,,WOLED,No,,Yes,UltraGear OLED,OLED,WOLED,No Backlight,WOLED,high,452.8,24.7,558.8,113.2,,,9.0,9.0,7.3,8.8,9.0,7.1,97.4,70.57,33.0,620.0,620.0,inf,0.3,0.3,2.8,27.0,240,2560 x 1440,16:9,108.7855393,No,,,NO_GT,2026-03-30T14:24:29.531116+00:00,https://i.rtings.com/assets/products/jqAlGwUw/lg-27gs95qe-b/spd-large.jpg?format=auto,spd_images/monitors/lg-27gs95qe-b_spd.jpg
117624,LG 27GX700A-B,LG,lg-27gx700a-b,https://www.rtings.com/monitor/reviews/lg/27gx700a-b,238,v2.1.2,2025-10-16 00:00:00 -0400,2025-11-19 15:07:09 -0500,2026-03-17 13:18:49 -0400,"27"" (27GX700A-B)",monitor,OLED,WOLED,,WOLED,No,,Yes,UltraGear OLED,OLED,WOLED,No Backlight,WOLED,high,451.7,21.4,533.4,32.0,626.1,37.7,9.1,9.2,7.6,8.7,9.1,7.8,99.69,79.53,43.2,818.0,1427.0,inf,0.3,0.4,2.6,26.5,280,2560 x 1440,16:9,110.8380966,No,,,NO_GT,2026-03-30T14:24:29.531116+00:00,https://i.rtings.com/assets/products/FIEDb2zR/lg-27gx700a-b/spd-large.jpg?format=auto,spd_images/monitors/lg-27gx700a-b_spd.jpg
82807,LG 27GX790A-B,LG,lg-27gx790a-b,https://www.rtings.com/monitor/reviews/lg/27gx790a-b,238,v2.1.2,2024-12-30 00:00:00 -0500,2025-02-25 15:20:17 -0500,2026-03-17 13:18:49 -0400,"27"" (27GX790A-B)",monitor,OLED,WOLED,,WOLED,No,,Yes,UltraGear OLED,OLED,WOLED,No Backlight,WOLED,high,452.6,24.6,559.0,116.5,,,9.2,9.0,7.1,8.6,8.4,6.7,98.1,71.03,36.5,814.0,1255.0,inf,0.2,0.4,1.9,27.0,480,2560 x 1440,16:9,108.7855393,No,,,NO_GT,2026-03-30T14:24:29.531116+00:00,https://i.rtings.com/assets/products/KXnuvcrq/lg-27gx790a-b/spd-large.jpg?format=auto,spd_images/monitors/lg-27gx790a-b_spd.jpg
127454,LG 27GX790B-B,LG,lg-27gx790b-b,https://www.rtings.com/monitor/reviews/lg/27gx790b-b,238,v2.1.2,2026-02-03 00:00:00 -0500,2026-02-25 08:37:40 -0500,2026-03-18 15:24:04 -0400,"27"" (27GX790B-B)",monitor,OLED,WOLED,,WOLED,No,,Yes,UltraGear OLED,OLED,WOLED,No Backlight,WOLED,high,451.0,21.4,533.3,35.9,625.8,38.6,9.4,9.1,7.5,8.7,9.1,7.5,99.71,79.44,42.6,760.0,1317.0,inf,0.3,0.5,1.7,26.5,540,2560 x 1440,16:9,110.8380966,No,,,NO_GT,2026-03-30T14:24:29.531116+00:00,https://i.rtings.com/assets/products/ESmsdL7x/lg-27gx790b-b/spd-large.jpg?format=auto,spd_images/monitors/lg-27gx790b-b_spd.jpg
40717,LG 32GR93U-B,LG,lg-32gr93u-b,https://www.rtings.com/monitor/reviews/lg/32gr93u-b,238,v2.1.2,2023-08-01 00:00:00 -0400,2023-10-12 10:57:26 -0400,2026-03-17 13:18:49 -0400,"32"" (32GR93U-B)",monitor,LCD,IPS,Edge-lit,KSF,No,,Yes,UltraGear,LCD,IPS,Edge,KSF,medium,455.6,17.0,547.2,0.9,630.3,9.0,7.3,8.2,8.1,7.8,8.9,7.5,98.12,73.4,33.7,500.0,499.0,1316.0,5.5,5.7,4.0,32.0,144,3840 x 2160,16:9,137.6816981,No,,,NO_GT,2026-03-30T14:24:29.531116+00:00,https://i.rtings.com/assets/products/FJ7db6nZ/lg-32gr93u-b/spd-large.jpg?format=auto,spd_images/monitors/lg-32gr93u-b_spd.jpg
49551,LG 32GS95UE-B,LG,lg-32gs95ue-b,https://www.rtings.com/monitor/reviews/lg/32gs95ue-b,238,v2.1.2,2024-04-15 00:00:00 -0400,2024-07-15 09:45:12 -0400,2026-03-17 13:18:49 -0400,"32"" (32GS95UE-B)",monitor,OLED,WOLED,,WOLED,No,,Yes,UltraGear OLED,OLED,WOLED,No Backlight,WOLED,high,454.5,25.4,558.9,122.4,,,9.2,9.2,8.2,8.7,7.7,7.0,96.87,69.64,34.8,723.0,1193.0,inf,0.3,0.3,2.9,31.46,240,3840 x 2160,16:9,140.0449568,No,,,NO_GT,2026-03-30T14:24:29.531116+00:00,https://i.rtings.com/assets/products/LqHt63bz/lg-32gs95ue-b/spd-large.jpg?format=auto,spd_images/monitors/lg-32gs95ue-b_spd.jpg
56054,LG 34GS95QE-B,LG,lg-34gs95qe-b,https://www.rtings.com/monitor/reviews/lg/34gs95qe-b,238,v2.1.2,2024-03-19 00:00:00 -0400,2024-05-06 10:42:45 -0400,2026-03-17 13:18:49 -0400,"34"" (34GS95QE-B); 34"" (34GS95QE-W)",monitor,OLED,WOLED,,WOLED,No,,Yes,UltraGear OLED,OLED,WOLED,No Backlight,WOLED,high,452.9,25.2,558.9,119.0,,,9.0,8.9,7.2,8.8,9.0,6.9,96.88,69.98,32.5,588.0,577.0,inf,0.2,0.2,2.9,34.0,240,3440 x 1440,21:9,109.6834073,No,,,NO_GT,2026-03-30T14:24:29.531116+00:00,https://i.rtings.com/assets/products/POLD2RAw/lg-34gs95qe-b/spd-large.jpg?format=auto,spd_images/monitors/lg-34gs95qe-b_spd.jpg
83695,LG 45GX950A-B,LG,lg-45gx950a-b,https://www.rtings.com/monitor/reviews/lg/45gx950a-b,238,v2.1.2,2025-03-28 00:00:00 -0400,2025-05-07 14:46:31 -0400,2026-03-17 13:18:49 -0400,"45"" (45GX950A-B)",monitor,OLED,WOLED,,WOLED,No,,Yes,UltraGear OLED,OLED,WOLED,No Backlight,WOLED,high,454.9,25.6,559.7,119.2,,,9.1,9.3,7.7,9.1,9.1,7.4,97.73,70.94,36.9,765.0,1306.0,inf,0.6,0.6,3.7,44.5,165,5120 x 2160,21:9,124.875901,No,,,NO_GT,2026-03-30T14:24:29.531116+00:00,https://i.rtings.com/assets/products/j1SdDvxH/lg-45gx950a-b/spd-large.jpg?format=auto,spd_images/monitors/lg-45gx950a-b_spd.jpg
113604,LG C5 42 OLED,LG,lg-c5-42-oled,https://www.rtings.com/monitor/reviews/lg/c5-42-oled,238,v2.1.2,2025-04-01 00:00:00 -0400,2025-10-17 11:20:42 -0400,2026-03-17 13:18:49 -0400,"42"" (OLED42C5PUA)",monitor,OLED,WOLED,,WOLED,No,,Yes,UltraGear OLED,OLED,WOLED,No Backlight,WOLED,high,452.5,22.1,555.2,105.0,,,8.8,9.3,6.5,8.7,8.8,7.5,96.74,69.73,34.4,780.0,781.0,inf,0.3,1.3,4.6,42.0,120,3840 x 2160,16:9,104.9003414,No,,,NO_GT,2026-03-30T14:24:29.531116+00:00,https://i.rtings.com/assets/products/HkT9L9hH/lg-c5-42-oled/spd-large.jpg?format=auto,spd_images/monitors/lg-c5-42-oled_spd.jpg
47131,MSI MPG 271QRX QD-OLED,MSI,msi-mpg-271qrx-qd-oled,https://www.rtings.com/monitor/reviews/msi/mpg-271qrx-qd-oled,238,v2.1.2,2024-03-01 00:00:00 -0500,2024-04-12 12:51:08 -0400,2026-03-17 13:18:49 -0400,"27"" (MPG 271QRX QD-OLED)",monitor,OLED,QD-OLED,,QD-OLED,Yes,InP,Yes,QD-OLED,OLED,QD-OLED,No Backlight,QD-OLED,high,445.9,21.4,528.9,30.2,635.3,36.8,9.2,9.1,7.1,8.8,8.7,7.0,99.22,80.35,48.8,476.0,1045.0,inf,0.3,0.3,1.9,27.0,360,2560 x 1440,16:9,108.7855393,No,,,NO_GT,2026-03-30T14:24:29.531116+00:00,https://i.rtings.com/assets/products/KD3dD7cq/msi-mpg-271qrx-qd-oled/spd-large.jpg?format=auto,spd_images/monitors/msi-mpg-271qrx-qd-oled_spd.jpg
88032,MSI MPG 272URX QD-OLED,MSI,msi-mpg-272urx-qd-oled,https://www.rtings.com/monitor/reviews/msi/mpg-272urx-qd-oled,238,v2.1.2,2025-02-12 00:00:00 -0500,2025-09-05 10:41:33 -0400,2026-03-17 13:18:49 -0400,"27"" (MPG 272URX QD-OLED)",monitor,OLED,QD-OLED,,QD-OLED,Yes,InP,Yes,QD-OLED,OLED,QD-OLED,No Backlight,QD-OLED,high,454.8,21.5,531.5,27.6,636.9,36.0,9.1,9.3,7.9,9.2,9.2,6.8,99.74,74.78,44.2,461.0,1013.0,inf,0.3,0.4,2.7,26.5,240,3840 x 2160,16:9,166.2571449,No,,,NO_GT,2026-03-30T14:24:29.531116+00:00,https://i.rtings.com/assets/products/hus9cbGp/msi-mpg-272urx-qd-oled/spd-large.jpg?format=auto,spd_images/monitors/msi-mpg-272urx-qd-oled_spd.jpg
101013,MSI MPG 274URDFW E16M,MSI,msi-mpg-274urdfw-e16m,https://www.rtings.com/monitor/reviews/msi/mpg-274urdfw-e16m,238,v2.1.2,2025-10-13 00:00:00 -0400,2025-12-15 14:55:49 -0500,2026-03-17 13:18:49 -0400,"27"" (MPG 274URDFW E16M)",monitor,LCD,IPS,Direct-lit,QD-LCD,Yes,CdSe,Yes,MPG,LCD,IPS,Full-Array,QD-LCD,high,443.7,15.2,527.0,25.2,619.1,23.4,7.7,8.5,8.5,7.7,8.2,8.8,95.47,80.89,47.6,1562.0,1134.0,970.0,4.4,7.5,3.7,27.0,160,3840 x 2160,16:9,163.1783089,Yes,,,NO_GT,2026-03-30T14:24:29.531116+00:00,https://i.rtings.com/assets/products/IcraZdZ9/msi-mpg-274urdfw-e16m/spd-large.jpg?format=auto,spd_images/monitors/msi-mpg-274urdfw-e16m_spd.jpg
47132,MSI MPG 321URX QD-OLED,MSI,msi-mpg-321urx-qd-oled,https://www.rtings.com/monitor/reviews/msi/mpg-321urx-qd-oled,238,v2.1.2,2024-03-01 00:00:00 -0500,2024-07-26 15:35:05 -0400,2026-03-17 13:18:49 -0400,"32"" (MPG 321URX QD-OLED); 32"" (MPG 321URXW QD-OLED)",monitor,OLED,QD-OLED,,QD-OLED,Yes,InP,Yes,QD-OLED,OLED,QD-OLED,No Backlight,QD-OLED,high,450.1,20.7,532.3,29.9,637.0,35.6,9.1,9.4,7.5,9.1,8.9,6.8,98.59,78.68,46.7,469.0,1025.0,inf,0.3,0.3,2.8,31.5,240,3840 x 2160,16:9,139.8671219,No,,,NO_GT,2026-03-30T14:24:29.531116+00:00,https://i.rtings.com/assets/products/M1Zcpqfn/msi-mpg-321urx-qd-oled/spd-large.jpg?format=auto,spd_images/monitors/msi-mpg-321urx-qd-oled_spd.jpg
84697,MSI MPG 322URX QD-OLED,MSI,msi-mpg-322urx-qd-oled,https://www.rtings.com/monitor/reviews/msi/mpg-322urx-qd-oled,238,v2.1.2,2025-01-16 00:00:00 -0500,2025-03-03 08:59:35 -0500,2026-03-17 13:18:49 -0400,"32"" (MPG 322URX QD-OLED)",monitor,OLED,QD-OLED,,QD-OLED,Yes,InP,Yes,QD-OLED,OLED,QD-OLED,No Backlight,QD-OLED,high,449.7,21.1,532.0,29.7,636.9,37.0,9.0,9.3,7.5,9.1,9.1,6.7,98.98,78.24,46.8,470.0,1036.0,inf,0.5,0.5,2.7,31.5,240,3840 x 2160,16:9,139.8671219,No,,,NO_GT,2026-03-30T14:24:29.531116+00:00,https://i.rtings.com/assets/products/YUGQmb75/msi-mpg-322urx-qd-oled/spd-large.jpg?format=auto,spd_images/monitors/msi-mpg-322urx-qd-oled_spd.jpg
64783,MSI MPG 341CQPX QD-OLED,MSI,msi-mpg-341cqpx-qd-oled,https://www.rtings.com/monitor/reviews/msi/mpg-341cqpx-qd-oled,238,v2.1.2,2024-06-17 00:00:00 -0400,2024-11-19 12:09:14 -0500,2026-03-17 13:18:49 -0400,"34"" (MPG 341CQPX QD-OLED)",monitor,OLED,QD-OLED,,QD-OLED,Yes,InP,Yes,QD-OLED,OLED,QD-OLED,No Backlight,QD-OLED,high,452.2,21.4,532.5,29.6,638.1,36.3,9.1,9.1,7.0,8.8,8.6,6.8,99.09,80.13,48.7,483.0,1043.0,inf,0.2,0.4,2.8,34.18,240,3440 x 1440,21:9,109.1057884,No,,,NO_GT,2026-03-30T14:24:29.531116+00:00,https://i.rtings.com/assets/products/fEAdh2fq/msi-mpg-341cqpx-qd-oled/spd-large.jpg?format=auto,spd_images/monitors/msi-mpg-341cqpx-qd-oled_spd.jpg
60445,Samsung Odyssey G50D S27DG50,Samsung,samsung-odyssey-g50d-s27dg50,https://www.rtings.com/monitor/reviews/samsung/odyssey-g5-g50d-s27dg50,238,v2.1.2,2024-04-12 00:00:00 -0400,2024-09-26 10:16:30 -0400,2026-03-17 13:18:49 -0400,"27"" (LS27DG500ENXZA )",monitor,LCD,IPS,Edge-lit,KSF,No,,Yes,Odyssey,LCD,IPS,Edge,KSF,high,448.8,15.6,538.8,50.6,632.3,9.6,7.1,6.6,7.8,7.3,8.3,7.5,84.05,60.69,26.9,431.0,431.0,1221.0,6.9,7.3,4.8,27.0,180,2560 x 1440,16:9,108.7855393,Yes,,,NO_GT,2026-03-30T14:24:29.531116+00:00,https://i.rtings.com/assets/products/Jp9fcxG4/samsung-odyssey-g5-g50d-s27dg50/spd-large.jpg?format=auto,spd_images/monitors/samsung-odyssey-g50d-s27dg50_spd.jpg
33691,Samsung Odyssey Neo G7 S32BG75,Samsung,samsung-odyssey-neo-g7-s32bg75,https://www.rtings.com/monitor/reviews/samsung/odyssey-neo-g7-s32bg75,238,v2.1.2,2022-06-05 20:00:01 -0400,2022-07-29 10:22:19 -0400,2026-03-17 13:18:49 -0400,"32"" (Odyssey Neo G7 S32BG75)",monitor,LCD,VA,Direct-lit,QD-LCD,Yes,InP,Yes,Odyssey Neo,LCD,VA,Full-Array,QD-LCD,high,444.4,14.5,540.2,35.0,630.1,37.7,7.9,8.7,8.3,7.9,7.9,7.6,89.91,67.89,37.2,1101.0,795.0,3326.0,3.5,6.2,4.0,32.0,165,3840 x 2160,16:9,137.6816981,Yes,,,NO_GT,2026-03-30T14:24:29.531116+00:00,https://i.rtings.com/assets/products/B5CbjrNK/samsung-odyssey-neo-g7-s32bg75/spd-large.jpg?format=auto,spd_images/monitors/samsung-odyssey-neo-g7-s32bg75_spd.jpg
33710,Samsung Odyssey Neo G8 S32BG85,Samsung,samsung-odyssey-neo-g8-s32bg85,https://www.rtings.com/monitor/reviews/samsung/odyssey-neo-g8-s32bg85,238,v2.1.2,2022-07-08 00:00:00 -0400,2022-08-04 11:12:29 -0400,2026-03-17 13:18:49 -0400,"32"" (LS32BG852NNXGO)",monitor,LCD,VA,Direct-lit,QD-LCD,Yes,InP,Yes,Odyssey Neo,LCD,VA,Full-Array,QD-LCD,high,443.1,14.7,539.1,34.3,630.1,36.7,8.2,8.7,8.5,8.2,8.8,7.7,89.82,67.9,37.5,1124.0,824.0,3593.0,2.8,4.7,2.8,32.0,240,3840 x 2160,16:9,137.6816981,Yes,,,NO_GT,2026-03-30T14:24:29.531116+00:00,https://i.rtings.com/assets/products/GZnOnhOl/samsung-odyssey-neo-g8-s32bg85/spd-large.jpg?format=auto,spd_images/monitors/samsung-odyssey-neo-g8-s32bg85_spd.jpg
37854,Samsung Odyssey Neo G9/G95NC S57CG95,Samsung,samsung-odyssey-neo-g9-g95nc-s57cg95,https://www.rtings.com/monitor/reviews/samsung/odyssey-neo-g9-g95nc-s57cg95,238,v2.1.2,2023-10-02 00:00:00 -0400,2023-11-20 13:22:38 -0500,2026-03-17 13:18:49 -0400,"57"" (LS57CG952NNXZA)",monitor,LCD,VA,Direct-lit,QD-LCD,Yes,InP,Yes,Odyssey Neo,LCD,VA,Full-Array,QD-LCD,high,445.6,16.0,543.0,38.6,632.9,38.6,8.1,8.8,8.5,7.8,8.1,8.6,88.83,66.64,33.5,1291.0,1014.0,2842.0,2.5,4.5,2.9,57.0,240,7680 x 2160,32:9,139.9643801,Yes,,,NO_GT,2026-03-30T14:24:29.531116+00:00,https://i.rtings.com/assets/products/V8CUHnL8/samsung-odyssey-neo-g9-g95nc-s57cg95/spd-large.jpg?format=auto,spd_images/monitors/samsung-odyssey-neo-g9-g95nc-s57cg95_spd.jpg
63129,Samsung Odyssey OLED G60SD S27DG602S,Samsung,samsung-odyssey-oled-g60sd-s27dg602s,https://www.rtings.com/monitor/reviews/samsung/odyssey-oled-g6-g60sd-s27dg60,238,v2.1.2,2024-06-10 00:00:00 -0400,2024-07-24 09:17:15 -0400,2026-03-17 13:18:49 -0400,"27"" (LS27DG602SNXZA)",monitor,OLED,QD-OLED,,QD-OLED,Yes,InP,Yes,Odyssey OLED,OLED,QD-OLED,No Backlight,QD-OLED,high,445.9,21.1,528.8,30.0,635.2,36.8,9.2,7.7,7.4,9.0,9.1,6.9,99.08,79.61,47.5,474.0,1008.0,inf,1.0,1.0,1.889,26.7,360,2560 x 1440,16:9,110.0078487,No,,,NO_GT,2026-03-30T14:24:29.531116+00:00,https://i.rtings.com/assets/products/CS1Apazh/samsung-odyssey-oled-g6-g60sd-s27dg60/spd-large.jpg?format=auto,spd_images/monitors/samsung-odyssey-oled-g60sd-s27dg602s_spd.jpg
63127,Samsung Odyssey OLED G80SD S32DG80,Samsung,samsung-odyssey-oled-g80sd-s32dg80,https://www.rtings.com/monitor/reviews/samsung/odyssey-oled-g8-g80sd-s32dg80,238,v2.1.2,2024-06-26 00:00:00 -0400,2024-07-18 14:13:43 -0400,2026-03-17 13:18:49 -0400,"32"" (LS32DG802SNXZA ); 32"" (LS32DG800SNXZA)",monitor,OLED,QD-OLED,,QD-OLED,Yes,InP,Yes,Odyssey OLED,OLED,QD-OLED,No Backlight,QD-OLED,high,447.9,21.8,528.8,30.0,634.7,36.6,9.1,9.4,8.2,9.0,8.3,6.8,98.48,78.68,45.0,576.0,986.0,inf,0.3,0.3,3.7,31.6,240,3840 x 2160,16:9,139.4245044,No,,,NO_GT,2026-03-30T14:24:29.531116+00:00,https://i.rtings.com/assets/products/t70yezBU/samsung-odyssey-oled-g8-g80sd-s32dg80/spd-large.jpg?format=auto,spd_images/monitors/samsung-odyssey-oled-g80sd-s32dg80_spd.jpg
88033,Samsung Odyssey OLED G81SF S27FG810S,Samsung,samsung-odyssey-oled-g81sf-s27fg810s,https://www.rtings.com/monitor/reviews/samsung/odyssey-oled-g81sf-s27fg810s,238,v2.1.2,2025-04-22 00:00:00 -0400,2025-07-11 09:18:01 -0400,2026-03-17 13:18:49 -0400,"27"" (S27FG810S)",monitor,OLED,QD-OLED,,QD-OLED,Yes,InP,Yes,Odyssey OLED,OLED,QD-OLED,No Backlight,QD-OLED,high,452.1,21.5,528.9,27.6,634.5,36.1,9.1,9.4,8.4,9.2,9.0,6.8,99.36,77.61,45.9,467.0,1021.0,inf,0.4,0.6,2.7,26.6,240,3840 x 2160,16:9,165.6321181,No,,,NO_GT,2026-03-30T14:24:29.531116+00:00,https://i.rtings.com/assets/products/LxJpOMyb/samsung-odyssey-oled-g81sf-s27fg810s/spd-large.jpg?format=auto,spd_images/monitors/samsung-odyssey-oled-g81sf-s27fg810s_spd.jpg
37853,Samsung Odyssey OLED G9/G95SC S49CG95,Samsung,samsung-odyssey-oled-g9-g95sc-s49cg95,https://www.rtings.com/monitor/reviews/samsung/odyssey-oled-g9-g95sc-s49cg95,238,v2.1.2,2023-06-26 00:00:00 -0400,2023-08-04 10:40:09 -0400,2026-03-17 13:18:49 -0400,"49"" (LS49CG954SNXZA)",monitor,OLED,QD-OLED,,QD-OLED,Yes,InP,Yes,Odyssey OLED,OLED,QD-OLED,No Backlight,QD-OLED,high,445.8,20.1,529.0,27.8,635.8,34.8,9.1,8.2,6.9,8.9,8.7,6.8,99.46,82.69,46.9,465.0,1002.0,inf,0.5,0.5,3.8,49.0,240,5120 x 1440,32:9,108.543805,No,,,NO_GT,2026-03-30T14:24:29.531116+00:00,https://i.rtings.com/assets/products/NLmL7his/samsung-odyssey-oled-g9-g95sc-s49cg95/spd-large.jpg?format=auto,spd_images/monitors/samsung-odyssey-oled-g9-g95sc-s49cg95_spd.jpg
