brand,model,product_category,sizes_available,panel_type,panel_sub_type,backlight_type,resolution,native_refresh_rate,dimming_zone_count,hdr_peak_10pct_nits,sdr_dci_p3_coverage_pct,released_at,review_url,spd_image,qd_confirmed,qd_material,is_pseudo_qd,spd_classification
AOC,AGON PRO AG276QZD2,Monitor,"27"" (AGON PRO AG276QZD2)",OLED,QD-OLED,,2560 x 1440,240.0,,454.0,75.47,2024-09-16 00:00:00 -0400,https://www.rtings.com/monitor/reviews/aoc/agon-pro-ag276qzd2,https://i.rtings.com/assets/products/dQqnVNJY/aoc-agon-pro-ag276qzd2/spd-large.jpg?format=auto,True,InP,False,"Clear QD-OLED emission peaks (G:29.9nm R:35.9nm FWHM, InP)"
AOC,Q27G3XMN,Monitor,"27"" (Q27G3XMN)",VA,VA,Direct,2560 x 1440,165.0,,976.0,91.73,2023-09-01 00:00:00 -0400,https://www.rtings.com/monitor/reviews/aoc/q27g3xmn,https://i.rtings.com/assets/products/AczJDX1r/aoc-q27g3xmn/spd-large.jpg?format=auto,True,Unknown,False,Standard QDEF with Unknown (G:24.0nm R:33.9nm FWHM)
AOC,Q27G40XMN,Monitor,"27"" (Q27G40XMN)",VA,VA,Direct,2560 x 1440,180.0,,1263.0,90.28,2025-04-17 00:00:00 -0400,https://www.rtings.com/monitor/reviews/aoc/q27g40xmn,https://i.rtings.com/assets/products/YUPhp9Os/aoc-q27g40xmn/spd-large.jpg?format=auto,True,CdSe,False,"Standard QDEF with CdSe (G:24.0nm R:18.3nm FWHM, narrow)"
ASUS,ROG Strix OLED XG27ACDNG,Monitor,"27"" (ROG Strix OLED XG27ACDNG)",OLED,QD-OLED,,2560 x 1440,360.0,,454.0,99.32,2024-10-21 00:00:00 -0400,https://www.rtings.com/monitor/reviews/asus/rog-strix-oled-xg27acdng,https://i.rtings.com/assets/products/NZ9mkXih/asus-rog-strix-oled-xg27acdng/spd-large.jpg?format=auto,True,InP,False,"Clear QD-OLED emission peaks (G:29.6nm R:36.2nm FWHM, InP)"
ASUS,ROG Strix Pulsar XG27AQNGV,Monitor,"27"" (ROG Strix Pulsar XG27AQNGV)",IPS,IPS,Edge,2560 x 1440,360.0,,458.0,88.26,2026-01-07 00:00:00 -0500,https://www.rtings.com/monitor/reviews/asus/rog-strix-pulsar-xg27aqngv,https://i.rtings.com/assets/products/vCxRl2mk/asus-rog-strix-pulsar-xg27aqngv/spd-large.jpg?format=auto,False,unknown,True,"Weak QD signal, likely pseudo-QD (G:51.5nm R:98.2nm FWHM, KSF-dominant)"
ASUS,ROG Swift OLED PG27UCDM,Monitor,"27"" (ROG Swift OLED PG27UCDM)",OLED,QD-OLED,,3840 x 2160,240.0,,460.0,99.42,2025-01-21 00:00:00 -0500,https://www.rtings.com/monitor/reviews/asus/rog-swift-oled-pg27ucdm,https://i.rtings.com/assets/products/1zWh9st2/asus-rog-swift-oled-pg27ucdm/spd-large.jpg?format=auto,True,InP,False,"Clear QD-OLED emission peaks (G:28.2nm R:36.1nm FWHM, InP)"
ASUS,ROG Swift OLED PG32UCDM,Monitor,"32"" (ROG Swift OLED PG32UCDM)",OLED,QD-OLED,,3840 x 2160,240.0,,466.0,98.9,2024-03-01 00:00:00 -0500,https://www.rtings.com/monitor/reviews/asus/rog-swift-oled-pg32ucdm,https://i.rtings.com/assets/products/RjyjAuP9/asus-rog-swift-oled-pg32ucdm/spd-large.jpg?format=auto,True,InP,False,"Clear QD-OLED emission peaks (G:29.8nm R:37.4nm FWHM, InP)"
Acer,Nitro XV275K P3biipruzx,Monitor,"27"" (Nitro XV275K P3biipruzx)",IPS,IPS,Direct,3840 x 2160,160.0,,1412.0,95.73,2023-06-01 00:00:00 -0400,https://www.rtings.com/monitor/reviews/acer/nitro-xv275k-p3biipruzx,https://i.rtings.com/assets/products/pEWwfO4G/acer-nitro-xv275k-p3biipruzx/spd-large.jpg?format=auto,True,CdSe,False,"Standard QDEF with CdSe (G:22.3nm R:19.7nm FWHM, narrow)"
Acer,Nitro XV275K P5biipruzx,Monitor,"27"" (Nitro XV275K P5biipruzx)",IPS,IPS,Direct,3840 x 2160,160.0,,1243.0,94.99,2025-09-26 00:00:00 -0400,https://www.rtings.com/monitor/reviews/acer/nitro-xv275k-p5biipruzx,https://i.rtings.com/assets/products/qZ0l9aSy/acer-nitro-xv275k-p5biipruzx/spd-large.jpg?format=auto,True,CdSe,False,"Standard QDEF with CdSe (G:22.3nm R:19.7nm FWHM, narrow)"
Acer,Nitro XV275U P3biipx,Monitor,"27"" (Nitro XV275U P3biipx)",VA,VA,Direct,2560 x 1440,170.0,,1319.0,92.24,2023-09-04 00:00:00 -0400,https://www.rtings.com/monitor/reviews/acer/nitro-xv275u-p3biipx,https://i.rtings.com/assets/products/OnqdghYf/acer-nitro-xv275u-p3biipx/spd-large.jpg?format=auto,True,CdSe,False,"Standard QDEF with CdSe (G:25.0nm R:24.0nm FWHM, narrow)"
BenQ,MOBIUZ EX321UX,Monitor,"32"" (MOBIUZ EX321UX)",IPS,IPS,Direct,3840 x 2160,144.0,,1447.0,99.58,2024-08-03 00:00:00 -0400,https://www.rtings.com/monitor/reviews/benq/mobiuz-ex321ux,https://i.rtings.com/assets/products/CaseoE9j/benq-mobiuz-ex321ux/spd-large.jpg?format=auto,True,CdSe,False,"Standard QDEF with CdSe (G:25.9nm R:20.1nm FWHM, narrow)"
Dell,Alienware AW2725DF,Monitor,"27"" (Alienware AW2725DF)",OLED,QD-OLED,,2560 x 1440,360.0,,445.0,99.57,2024-01-01 00:00:00 -0500,https://www.rtings.com/monitor/reviews/dell/alienware-aw2725df,https://i.rtings.com/assets/products/claYiwSO/dell-alienware-aw2725df/spd-large.jpg?format=auto,True,InP,False,"Clear QD-OLED emission peaks (G:29.7nm R:36.2nm FWHM, InP)"
Dell,Alienware AW2725Q,Monitor,"27"" (Alienware AW2725Q)",OLED,QD-OLED,,3840 x 2160,240.0,,461.0,99.63,2025-03-04 00:00:00 -0500,https://www.rtings.com/monitor/reviews/dell/alienware-aw2725q,https://i.rtings.com/assets/products/6lq96V7D/dell-alienware-aw2725q/spd-large.jpg?format=auto,True,InP,False,"Clear QD-OLED emission peaks (G:27.7nm R:36.1nm FWHM, InP)"
Dell,Alienware AW3225QF,Monitor,"32"" (Alienware AW3225QF)",OLED,QD-OLED,,3840 x 2160,240.0,,448.0,98.79,2024-01-11 00:00:00 -0500,https://www.rtings.com/monitor/reviews/dell/alienware-aw3225qf,https://i.rtings.com/assets/products/RsjnnWVO/dell-alienware-aw3225qf/spd-large.jpg?format=auto,True,InP,False,"Clear QD-OLED emission peaks (G:30.2nm R:37.6nm FWHM, InP)"
Dell,Alienware AW3425DW,Monitor,"34"" (Alienware AW3425DW)",OLED,QD-OLED,,3440 x 1440,240.0,,457.0,99.51,2025-04-29 00:00:00 -0400,https://www.rtings.com/monitor/reviews/dell/alienware-aw3425dw,https://i.rtings.com/assets/products/7rPDzkYk/dell-alienware-aw3425dw/spd-large.jpg?format=auto,True,InP,False,"Clear QD-OLED emission peaks (G:30.0nm R:36.7nm FWHM, InP)"
Dell,G2524H,Monitor,"24.5"" (G2524H)",IPS,IPS,Edge,1920 x 1080,240.0,,,,2023-06-27 00:00:00 -0400,https://www.rtings.com/monitor/reviews/dell/g2524h,https://i.rtings.com/assets/products/9eyrfJmy/dell-g2524h/spd-large.jpg?format=auto,False,unknown,True,"Weak QD signal, likely pseudo-QD (G:53.8nm R:88.3nm FWHM, KSF-dominant)"
Dell,S3225QC,Monitor,"32"" (S3225QC)",OLED,QD-OLED,,3840 x 2160,120.0,,430.0,98.37,2025-05-22 00:00:00 -0400,https://www.rtings.com/monitor/reviews/dell/s3225qc,https://i.rtings.com/assets/products/mZ7PgJFI/dell-s3225qc/spd-large.jpg?format=auto,True,InP,False,"Clear QD-OLED emission peaks (G:30.4nm R:36.5nm FWHM, InP)"
Gigabyte,AORUS FO27Q3,Monitor,"27"" (AORUS FO27Q3)",OLED,QD-OLED,,2560 x 1440,360.0,,472.0,99.47,2024-04-30 00:00:00 -0400,https://www.rtings.com/monitor/reviews/gigabyte/aorus-fo27q3,https://i.rtings.com/assets/products/jV5LRscC/gigabyte-aorus-fo27q3/spd-large.jpg?format=auto,True,InP,False,"Clear QD-OLED emission peaks (G:29.5nm R:36.8nm FWHM, InP)"
Gigabyte,AORUS FO32U2P,Monitor,"32"" (AORUS FO32U2P)",OLED,QD-OLED,,3840 x 2160,240.0,,459.0,99.12,2024-04-01 00:00:00 -0400,https://www.rtings.com/monitor/reviews/gigabyte/aorus-fo32u2p,https://i.rtings.com/assets/products/e6sNrfja/gigabyte-aorus-fo32u2p/spd-large.jpg?format=auto,True,InP,False,"Clear QD-OLED emission peaks (G:30.2nm R:37.0nm FWHM, InP)"
LG,27GR95UM-B,Monitor,"27"" (27GR95UM-B)",IPS,IPS,Direct,3840 x 2160,144.0,,1377.0,98.74,2024-01-11 00:00:00 -0500,https://www.rtings.com/monitor/reviews/lg/27gr95um-b,https://i.rtings.com/assets/products/vfh0tOHl/lg-27gr95um-b/spd-large.jpg?format=auto,True,InP,False,Standard QDEF with InP (G:35.3nm R:37.3nm FWHM)
MSI,MPG 271QRX QD-OLED,Monitor,"27"" (MPG 271QRX QD-OLED)",OLED,QD-OLED,,2560 x 1440,360.0,,476.0,99.22,2024-03-01 00:00:00 -0500,https://www.rtings.com/monitor/reviews/msi/mpg-271qrx-qd-oled,https://i.rtings.com/assets/products/KD3dD7cq/msi-mpg-271qrx-qd-oled/spd-large.jpg?format=auto,True,InP,False,"Clear QD-OLED emission peaks (G:30.2nm R:36.8nm FWHM, InP)"
MSI,MPG 272URX QD-OLED,Monitor,"27"" (MPG 272URX QD-OLED)",OLED,QD-OLED,,3840 x 2160,240.0,,461.0,99.74,2025-02-12 00:00:00 -0500,https://www.rtings.com/monitor/reviews/msi/mpg-272urx-qd-oled,https://i.rtings.com/assets/products/hus9cbGp/msi-mpg-272urx-qd-oled/spd-large.jpg?format=auto,True,InP,False,"Clear QD-OLED emission peaks (G:27.6nm R:36.0nm FWHM, InP)"
MSI,MPG 274URDFW E16M,Monitor,"27"" (MPG 274URDFW E16M)",IPS,IPS,Direct,3840 x 2160,160.0,,1562.0,95.47,2025-10-13 00:00:00 -0400,https://www.rtings.com/monitor/reviews/msi/mpg-274urdfw-e16m,https://i.rtings.com/assets/products/IcraZdZ9/msi-mpg-274urdfw-e16m/spd-large.jpg?format=auto,True,CdSe,False,"Standard QDEF with CdSe (G:25.2nm R:23.4nm FWHM, narrow)"
MSI,MPG 321URX QD-OLED,Monitor,"32"" (MPG 321URX QD-OLED); 32"" (MPG 321URXW QD-OLED)",OLED,QD-OLED,,3840 x 2160,240.0,,469.0,98.59,2024-03-01 00:00:00 -0500,https://www.rtings.com/monitor/reviews/msi/mpg-321urx-qd-oled,https://i.rtings.com/assets/products/M1Zcpqfn/msi-mpg-321urx-qd-oled/spd-large.jpg?format=auto,True,InP,False,"Clear QD-OLED emission peaks (G:29.9nm R:35.6nm FWHM, InP)"
MSI,MPG 322URX QD-OLED,Monitor,"32"" (MPG 322URX QD-OLED)",OLED,QD-OLED,,3840 x 2160,240.0,,470.0,98.98,2025-01-16 00:00:00 -0500,https://www.rtings.com/monitor/reviews/msi/mpg-322urx-qd-oled,https://i.rtings.com/assets/products/YUGQmb75/msi-mpg-322urx-qd-oled/spd-large.jpg?format=auto,True,InP,False,"Clear QD-OLED emission peaks (G:29.7nm R:37.0nm FWHM, InP)"
MSI,MPG 341CQPX QD-OLED,Monitor,"34"" (MPG 341CQPX QD-OLED)",OLED,QD-OLED,,3440 x 1440,240.0,,483.0,99.09,2024-06-17 00:00:00 -0400,https://www.rtings.com/monitor/reviews/msi/mpg-341cqpx-qd-oled,https://i.rtings.com/assets/products/fEAdh2fq/msi-mpg-341cqpx-qd-oled/spd-large.jpg?format=auto,True,InP,False,"Clear QD-OLED emission peaks (G:29.6nm R:36.3nm FWHM, InP)"
Samsung,Odyssey G51C S27CG51,Monitor,"27"" (LS27CG512ENXZA)",VA,VA,Edge,2560 x 1440,165.0,,296.0,73.48,2023-03-26 20:00:01 -0400,https://www.rtings.com/monitor/reviews/samsung/odyssey-g5-g51c-s27cg51,https://i.rtings.com/assets/products/ATP8WfLg/samsung-odyssey-g5-g51c-s27cg51/spd-large.jpg?format=auto,False,unknown,True,"Weak QD signal, likely pseudo-QD (G:50.8nm R:86.0nm FWHM, KSF-dominant)"
Samsung,Odyssey Neo G7 S32BG75,Monitor,"32"" (Odyssey Neo G7 S32BG75)",VA,VA,Direct,3840 x 2160,165.0,,1101.0,89.91,2022-06-05 20:00:01 -0400,https://www.rtings.com/monitor/reviews/samsung/odyssey-neo-g7-s32bg75,https://i.rtings.com/assets/products/B5CbjrNK/samsung-odyssey-neo-g7-s32bg75/spd-large.jpg?format=auto,True,InP,False,Standard QDEF with InP (G:35.0nm R:37.7nm FWHM)
Samsung,Odyssey Neo G8 S32BG85,Monitor,"32"" (LS32BG852NNXGO)",VA,VA,Direct,3840 x 2160,240.0,,1124.0,89.82,2022-07-08 00:00:00 -0400,https://www.rtings.com/monitor/reviews/samsung/odyssey-neo-g8-s32bg85,https://i.rtings.com/assets/products/GZnOnhOl/samsung-odyssey-neo-g8-s32bg85/spd-large.jpg?format=auto,True,InP,False,Standard QDEF with InP (G:34.3nm R:36.7nm FWHM)
Samsung,Odyssey Neo G9/G95NC S57CG95,Monitor,"57"" (LS57CG952NNXZA)",VA,VA,Direct,7680 x 2160,240.0,,1291.0,88.83,2023-10-02 00:00:00 -0400,https://www.rtings.com/monitor/reviews/samsung/odyssey-neo-g9-g95nc-s57cg95,https://i.rtings.com/assets/products/V8CUHnL8/samsung-odyssey-neo-g9-g95nc-s57cg95/spd-large.jpg?format=auto,True,InP,False,Standard QDEF with InP (G:38.6nm R:38.6nm FWHM)
Samsung,Odyssey OLED G60SD S27DG602S,Monitor,"27"" (LS27DG602SNXZA)",OLED,QD-OLED,,2560 x 1440,360.0,,474.0,99.08,2024-06-10 00:00:00 -0400,https://www.rtings.com/monitor/reviews/samsung/odyssey-oled-g6-g60sd-s27dg60,https://i.rtings.com/assets/products/CS1Apazh/samsung-odyssey-oled-g6-g60sd-s27dg60/spd-large.jpg?format=auto,True,InP,False,"Clear QD-OLED emission peaks (G:30.0nm R:36.8nm FWHM, InP)"
Samsung,Odyssey OLED G80SD S32DG80,Monitor,"32"" (LS32DG802SNXZA ); 32"" (LS32DG800SNXZA)",OLED,QD-OLED,,3840 x 2160,240.0,,576.0,98.48,2024-06-26 00:00:00 -0400,https://www.rtings.com/monitor/reviews/samsung/odyssey-oled-g8-g80sd-s32dg80,https://i.rtings.com/assets/products/t70yezBU/samsung-odyssey-oled-g8-g80sd-s32dg80/spd-large.jpg?format=auto,True,InP,False,"Clear QD-OLED emission peaks (G:30.0nm R:36.6nm FWHM, InP)"
Samsung,Odyssey OLED G81SF S27FG810S,Monitor,"27"" (S27FG810S)",OLED,QD-OLED,,3840 x 2160,240.0,,467.0,99.36,2025-04-22 00:00:00 -0400,https://www.rtings.com/monitor/reviews/samsung/odyssey-oled-g81sf-s27fg810s,https://i.rtings.com/assets/products/LxJpOMyb/samsung-odyssey-oled-g81sf-s27fg810s/spd-large.jpg?format=auto,True,InP,False,"Clear QD-OLED emission peaks (G:27.6nm R:36.1nm FWHM, InP)"
Samsung,Odyssey OLED G9/G95SC S49CG95,Monitor,"49"" (LS49CG954SNXZA)",OLED,QD-OLED,,5120 x 1440,240.0,,465.0,99.46,2023-06-26 00:00:00 -0400,https://www.rtings.com/monitor/reviews/samsung/odyssey-oled-g9-g95sc-s49cg95,https://i.rtings.com/assets/products/NLmL7his/samsung-odyssey-oled-g9-g95sc-s49cg95/spd-large.jpg?format=auto,True,InP,False,"Clear QD-OLED emission peaks (G:27.8nm R:34.8nm FWHM, InP)"
Xiaomi,G Pro 27i,Monitor,"27"" (G Pro 27i)",IPS,IPS,Direct,2560 x 1440,180.0,,1214.0,98.88,2024-09-10 00:00:00 -0400,https://www.rtings.com/monitor/reviews/xiaomi/g-pro-27i,https://i.rtings.com/assets/products/QiaYtgx3/xiaomi-g-pro-27i/spd-large.jpg?format=auto,True,CdSe,False,"Standard QDEF with CdSe (G:25.1nm R:20.9nm FWHM, narrow)"
Hisense,100U8QG,TV,"100"" (100U8QG)",VA,VA,Direct,4k,,5376.0,3916.0,88.61,2025-05-01 00:00:00 -0400,https://www.rtings.com/tv/reviews/hisense/100u8qg,https://i.rtings.com/assets/products/eh6yvAjK/hisense-100u8qg/spd-large.jpg?format=auto,False,unknown,True,"Weak QD signal, likely pseudo-QD (G:51.0nm R:9.0nm FWHM, KSF-dominant)"
Hisense,75U8N,TV,"75"" (75U8N)",IPS,IPS,Direct,4k,,2000.0,2923.0,98.16,2024-04-01 00:00:00 -0400,https://www.rtings.com/tv/reviews/hisense/75u8n,https://i.rtings.com/assets/products/ToHPHeJJ/hisense-75u8n/spd-large.jpg?format=auto,True,CdSe,False,"Standard QDEF with CdSe (G:25.4nm R:21.6nm FWHM, narrow)"
Hisense,98QD5QG,TV,"98"" (98QD5QG)",IPS,IPS,Direct,4k,,,414.0,89.66,2025-05-31 20:00:01 -0400,https://www.rtings.com/tv/reviews/hisense/98qd5qg,https://i.rtings.com/assets/products/3G1LW1cr/hisense-98qd5qg/spd-large.jpg?format=auto,False,unknown,True,"Weak QD signal, likely pseudo-QD (G:49.3nm R:9.1nm FWHM, KSF-dominant)"
Hisense,A7N,TV,"43"" (43A7N); 50"" (50A7N); 55"" (55A7N); 65"" (65A7N); 75"" (75A7N); 85"" (85A7N)",VA,VA,Direct,4k,,,352.0,87.87,2024-04-01 00:00:00 -0400,https://www.rtings.com/tv/reviews/hisense/a7n-a7-a75n,https://i.rtings.com/assets/products/cmE1GJxF/hisense-a7n-a7-a75n/spd-large.jpg?format=auto,False,unknown,True,"Weak QD signal, likely pseudo-QD (G:47.3nm R:9.1nm FWHM, KSF-dominant)"
Hisense,CanvasTV 2024,TV,"55"" (55S75N); 65"" (65S75N); 75"" (75S75N); 85"" (85S75N)",VA,VA,Edge,4k,,,456.0,84.2,2024-06-01 00:00:00 -0400,https://www.rtings.com/tv/reviews/hisense/canvastv-qled-2024,https://i.rtings.com/assets/products/lTCxeaxK/hisense-canvastv-qled-2024/spd-large.jpg?format=auto,False,unknown,True,"Weak QD signal, likely pseudo-QD (G:48.7nm R:9.1nm FWHM, KSF-dominant)"
Hisense,QD6QF,TV,"43"" (43QD6QF); 50"" (50QD6QF); 55"" (55QD6QF); 65"" (65QD6QF); 75"" (75QD6QF); 85"" (85QD6QF); 100"" (100QD6QF)",VA,VA,Direct,4k,,,377.0,80.75,2025-04-20 00:00:00 -0400,https://www.rtings.com/tv/reviews/hisense/qd6qf,https://i.rtings.com/assets/products/5pdLPSF7/hisense-qd6qf/spd-large.jpg?format=auto,False,unknown,True,"Weak QD signal, likely pseudo-QD (G:48.0nm R:9.0nm FWHM, KSF-dominant)"
Hisense,QD7N,TV,"65"" (65QD7N); 75"" (75QD7N); 85"" (85QD7N); 100"" (100QD7N)",IPS,IPS,Direct,4k,,,440.0,90.72,2024-06-01 00:00:00 -0400,https://www.rtings.com/tv/reviews/hisense/qd7n-qd7-qd75n-qled,https://i.rtings.com/assets/products/aqZuSmIs/hisense-qd7n-qd7-qd75n-qled/spd-large.jpg?format=auto,False,unknown,True,"Weak QD signal, likely pseudo-QD (G:47.5nm R:9.1nm FWHM, KSF-dominant)"
Hisense,QD7QF,TV,"50"" (50QD7QF); 55"" (55QD7QF); 65"" (65QD7QF); 75"" (75QD7QF); 85"" (85QD7QF); 100"" (100QD7QF)",VA,VA,Direct,4k,,160.0,551.0,86.79,2025-04-07 00:00:00 -0400,https://www.rtings.com/tv/reviews/hisense/qd7qf,https://i.rtings.com/assets/products/tklKFP33/hisense-qd7qf/spd-large.jpg?format=auto,False,unknown,True,"Weak QD signal, likely pseudo-QD (G:48.5nm R:9.0nm FWHM, KSF-dominant)"
Hisense,U65QF,TV,"55"" (55U65QF); 65"" (65U65QF); 75"" (75U65QF); 85"" (85U65QF); 100"" (100U65QF)",VA,VA,Direct,4k,,300.0,887.0,87.96,2025-04-11 00:00:00 -0400,https://www.rtings.com/tv/reviews/hisense/u65qf,https://i.rtings.com/assets/products/o89x6Q96/hisense-u65qf/spd-large.jpg?format=auto,False,unknown,True,"Weak QD signal, likely pseudo-QD (G:45.7nm R:9.1nm FWHM, KSF-dominant)"
Hisense,U6N,TV,"55"" (55U6N); 65"" (65U6N); 75"" (75U6N); 85"" (85U6N)",VA,VA,Direct,4k,,240.0,534.0,87.75,2024-04-01 00:00:00 -0400,https://www.rtings.com/tv/reviews/hisense/u6-u6n,https://i.rtings.com/assets/products/YmnCqlA4/hisense-u6-u6n/spd-large.jpg?format=auto,False,unknown,True,"Weak QD signal, likely pseudo-QD (G:47.4nm R:9.1nm FWHM, KSF-dominant)"
Hisense,U75QG,TV,"55"" (55U75QG); 65"" (65U75QG); 75"" (75U75QG); 85"" (85U75QG); 100"" (100U75QG)",VA,VA,Direct,4k,,1800.0,2925.0,88.99,2025-04-07 00:00:00 -0400,https://www.rtings.com/tv/reviews/hisense/u75qg,https://i.rtings.com/assets/products/ZGwLvDp2/hisense-u75qg/spd-large.jpg?format=auto,False,unknown,True,"Weak QD signal, likely pseudo-QD (G:48.6nm R:9.0nm FWHM, KSF-dominant)"
Hisense,U7N,TV,"55"" (55U7N); 65"" (65U7N); 75"" (75U7N); 85"" (85U7N)",VA,VA,Direct,4k,,384.0,1158.0,91.13,2024-04-01 00:00:00 -0400,https://www.rtings.com/tv/reviews/hisense/u7n-u7-u75n,https://i.rtings.com/assets/products/LfVSZyFc/hisense-u7n-u7-u75n/spd-large.jpg?format=auto,False,unknown,True,"Weak QD signal, likely pseudo-QD (G:45.6nm R:9.0nm FWHM, KSF-dominant)"
Hisense,U8N,TV,"55"" (55U8N); 65"" (65U8N); 75"" (75U8N); 85"" (85U8N); 100"" (100U8N)",VA,VA,Direct,4k,,1600.0,3691.0,93.2,2024-04-01 00:00:00 -0400,https://www.rtings.com/tv/reviews/hisense/u8-u8n,https://i.rtings.com/assets/products/snkE6d7W/hisense-u8-u8n/spd-large.jpg?format=auto,True,CdSe,False,"Standard QDEF with CdSe (G:25.4nm R:18.8nm FWHM, narrow)"
Hisense,U8QG,TV,"55"" (55U8QG); 65"" (65U8QG); 75"" (75U8QG); 85"" (85U8QG); 100"" (100U8QG)",VA,VA,Direct,4k,,2048.0,4380.0,94.7,2025-04-07 00:00:00 -0400,https://www.rtings.com/tv/reviews/hisense/u8qg,https://i.rtings.com/assets/products/IJb2X5l7/hisense-u8qg/spd-large.jpg?format=auto,True,CdSe,False,"Standard QDEF with CdSe (G:26.0nm R:18.8nm FWHM, narrow)"
Hisense,U9N,TV,"75"" (75U9N); 85"" (85U9N)",IPS,IPS,Direct,4k,,2924.0,3164.0,98.63,2024-08-01 00:00:00 -0400,https://www.rtings.com/tv/reviews/hisense/u9n,https://i.rtings.com/assets/products/fz1PJF52/hisense-u9n/spd-large.jpg?format=auto,True,CdSe,False,"Standard QDEF with CdSe (G:25.2nm R:19.7nm FWHM, narrow)"
LG,QNED85A,TV,"50"" (50QNED85AUA); 55"" (55QNED85AUA); 65"" (65QNED85AUA); 75"" (75QNED85AUA); 86"" (86QNED85AUA); 100"" (100QNED85AUA)",VA,VA,Edge,4k,,6.0,497.0,85.19,2025-05-05 00:00:00 -0400,https://www.rtings.com/tv/reviews/lg/qned85a,https://i.rtings.com/assets/products/zhr64b45/lg-qned85a/spd-large.jpg?format=auto,False,unknown,True,"Weak QD signal, likely pseudo-QD (G:49.9nm R:9.3nm FWHM, KSF-dominant)"
LG,QNED90T,TV,"65"" (65QNED90TUA); 75"" (75QNED90TUA); 86"" (86QNED90TUA)",VA,VA,Direct,4k,,160.0,1084.0,87.7,2024-03-01 00:00:00 -0500,https://www.rtings.com/tv/reviews/lg/qned90t,https://i.rtings.com/assets/products/Bot5mYqw/lg-qned90t/spd-large.jpg?format=auto,False,unknown,True,"Weak QD signal, likely pseudo-QD (G:36.6nm R:44.8nm FWHM, KSF-dominant)"
LG,QNED92A,TV,"65"" (65QNED92AUA); 75"" (75QNED92AUA); 85"" (85QNED92AUA)",VA,VA,Direct,4k,,476.0,1308.0,87.81,2025-04-14 00:00:00 -0400,https://www.rtings.com/tv/reviews/lg/qned92a,https://i.rtings.com/assets/products/569sULGj/lg-qned92a/spd-large.jpg?format=auto,True,InP,False,Standard QDEF with InP (G:37.8nm R:36.2nm FWHM)
Panasonic,W95A,TV,"55"" (TV-55W95AP); 65"" (TV-65W95AP); 75"" (TV-75W95AP); 85"" (TV-85W95AP)",VA,VA,Direct,4k,,192.0,1505.0,87.47,2024-09-18 00:00:00 -0400,https://www.rtings.com/tv/reviews/panasonic/w95a,https://i.rtings.com/assets/products/kXj0C7Vm/panasonic-w95a/spd-large.jpg?format=auto,True,CdSe,False,"Standard QDEF with CdSe (G:23.9nm R:17.7nm FWHM, narrow)"
Roku,Pro Series 2025,TV,"55"" (55R8C5); 65"" (65R8C5); 75"" (75R8C5)",VA,VA,Direct,4k,,720.0,1433.0,87.41,2025-06-16 00:00:00 -0400,https://www.rtings.com/tv/reviews/roku/pro-series-2025,https://i.rtings.com/assets/products/pZzb2bGo/roku-pro-series-2025/spd-large.jpg?format=auto,True,CdSe,False,"Standard QDEF with CdSe (G:28.8nm R:25.3nm FWHM, narrow)"
Samsung,100QN80F,TV,"100"" (QN100QN80FFXZA)",VA,VA,Direct,4k,,140.0,1256.0,81.09,2025-03-26 00:00:00 -0400,https://www.rtings.com/tv/reviews/samsung/100qn80f,https://i.rtings.com/assets/products/hiiV3pYy/samsung-100qn80f/spd-large.jpg?format=auto,True,InP,False,Standard QDEF with InP (G:35.1nm R:40.4nm FWHM)
Samsung,Q60D,TV,"32"" (QN32Q60DAFXZA); 43"" (QN43Q60DAFXZA); 50"" (QN50Q60DAFXZA); 55"" (QN55Q60DAFXZA); 65"" (QN65Q60DAFXZA); 70"" (QN70Q60DAFXZA); 75"" (QN75Q60DAFXZA); 85"" (QN85Q60DAFXZA)",VA,VA,Edge,4k,,,423.0,77.21,2024-03-10 20:00:01 -0400,https://www.rtings.com/tv/reviews/samsung/q60d-q60-q60dd-qled,https://i.rtings.com/assets/products/R9XrigG2/samsung-q60d-q60-q60dd-qled/spd-large.jpg?format=auto,False,unknown,True,"Weak QD signal, likely pseudo-QD (G:42.6nm R:53.4nm FWHM, KSF-dominant)"
Samsung,Q70D,TV,"55"" (QN55Q70DAFXZA); 65"" (QN65Q70DAFXZA); 75"" (QN75Q70DAFXZA); 85"" (QN85Q70DAFXZA)",VA,VA,Edge,4k,,,526.0,80.04,2024-04-01 00:00:00 -0400,https://www.rtings.com/tv/reviews/samsung/q70d-q70-q72d-qled,https://i.rtings.com/assets/products/w87JeA5N/samsung-q70d-q70-q72d-qled/spd-large.jpg?format=auto,False,unknown,True,"Weak QD signal, likely pseudo-QD (G:42.1nm R:52.4nm FWHM, KSF-dominant)"
Samsung,Q7F 2025,TV,"43"" (QN43Q7FAAFXZA); 50"" (QN50Q7FAAFXZA); 55"" (QN55Q7FAAFXZA); 65"" (QN65Q7FAAFXZA); 75"" (QN75Q7FAAFXZA); 85"" (QN85Q7FAAFXZA); 98"" (QN98Q7FAAFXZA)",VA,VA,Direct,4k,,,306.0,76.71,2025-03-23 20:00:01 -0400,https://www.rtings.com/tv/reviews/samsung/q7f-2025,https://i.rtings.com/assets/products/6LWaVIbI/samsung-q7f-2025/spd-large.jpg?format=auto,False,unknown,True,"Weak QD signal, likely pseudo-QD (G:43.8nm R:59.0nm FWHM, KSF-dominant)"
Samsung,Q80D,TV,"50"" (QN50Q80DAFXZA); 55"" (QN55Q80DAFXZA); 65"" (QN65Q80DAFXZA); 75"" (QN75Q80DAFXZA); 85"" (QN85Q80DAFXZA)",VA,VA,Direct,4k,,96.0,1004.0,82.43,2024-04-01 00:00:00 -0400,https://www.rtings.com/tv/reviews/samsung/q80d-q80-q80dd-qled,https://i.rtings.com/assets/products/hc0j0hXZ/samsung-q80d-q80-q80dd-qled/spd-large.jpg?format=auto,False,unknown,True,"Weak QD signal, likely pseudo-QD (G:44.6nm R:60.7nm FWHM, KSF-dominant)"
Samsung,Q8F 2025,TV,"32"" (QN32Q8FAAFXZA); 43"" (QN43Q8FAAFXZA); 50"" (QN50Q8FAAFXZA); 55"" (QN55Q8FAAFXZA); 65"" (QN65Q8FAAFXZA); 75"" (QN75Q8FAAFXZA); 85"" (QN85Q8FAAFXZA)",VA,VA,Edge,4k,,,360.0,80.5,2025-05-06 00:00:00 -0400,https://www.rtings.com/tv/reviews/samsung/q8f-2025,https://i.rtings.com/assets/products/ElML7zMM/samsung-q8f-2025/spd-large.jpg?format=auto,False,unknown,True,"Weak QD signal, likely pseudo-QD (G:40.6nm R:52.0nm FWHM, KSF-dominant)"
Samsung,QN70F,TV,"55"" (QN55QN70FAFXZA); 65"" (QN65QN70FAFXZA); 75"" (QN75QN70FAFXZA); 85"" (QN85QN70FAFXZA)",VA,VA,Edge,4k,,20.0,840.0,77.99,2025-04-08 20:00:01 -0400,https://www.rtings.com/tv/reviews/samsung/qn70f,https://i.rtings.com/assets/products/qL9RYac8/samsung-qn70f/spd-large.jpg?format=auto,True,InP,False,Standard QDEF with InP (G:35.2nm R:39.4nm FWHM)
Samsung,QN80F,TV,"55"" (QN55QN80FAFXZA); 65"" (QN65QN80FAFXZA); 75"" (QN75QN80FAFXZA); 85"" (QN85QN80FAFXZA); 100"" (QN100QN80FFXZA)",VA,VA,Direct,4k,,96.0,930.0,78.34,2025-03-25 20:00:01 -0400,https://www.rtings.com/tv/reviews/samsung/qn80f,https://i.rtings.com/assets/products/brIIFyp4/samsung-qn80f/spd-large.jpg?format=auto,True,InP,False,Standard QDEF with InP (G:36.3nm R:39.5nm FWHM)
Samsung,QN85D,TV,"55"" (QN55QN85DBFXZA); 65"" (QN65QN85DBFXZA); 75"" (QN75QN85DBFXZA); 85"" (QN85QN85DBFXZA)",VA,VA,Direct,4k,,160.0,970.0,85.15,2024-03-01 00:00:00 -0500,https://www.rtings.com/tv/reviews/samsung/qn85d-qn85dd-qled,https://i.rtings.com/assets/products/U60Kafag/samsung-qn85d-qn85dd-qled/spd-large.jpg?format=auto,True,InP,False,Standard QDEF with InP (G:36.3nm R:37.3nm FWHM)
Samsung,QN900D 8K,TV,"65"" (QN65QN900DFXZA); 75"" (QN75QN900DFXZA); 85"" (QN85QN900DFXZA)",VA,VA,Direct,8k,,1344.0,1467.0,87.91,2024-03-01 00:00:00 -0500,https://www.rtings.com/tv/reviews/samsung/qn900d-8k-qled,https://i.rtings.com/assets/products/u1ctA2qw/samsung-qn900d-8k-qled/spd-large.jpg?format=auto,True,InP,False,Standard QDEF with InP (G:36.6nm R:39.2nm FWHM)
Samsung,QN900F 8K,TV,"65"" (QN65QN900FFXZA); 75"" (QN75QN900FFXZA); 85"" (QN85QN900FFXZA)",VA,VA,Direct,8k,,1056.0,1762.0,85.46,2025-03-26 00:00:00 -0400,https://www.rtings.com/tv/reviews/samsung/qn900f-8k,https://i.rtings.com/assets/products/uGfgaXpk/samsung-qn900f-8k/spd-large.jpg?format=auto,True,InP,False,Standard QDEF with InP (G:36.7nm R:39.2nm FWHM)
Samsung,QN90D,TV,"43"" (QN43QN90DAFXZA); 50"" (QN50QN90DAFXZA); 55"" (QN55QN90DAFXZA); 65"" (QN65QN90DAFXZA); 75"" (QN75QN90DAFXZA); 85"" (QN85QN90DAFXZA); 98"" (QN98QN90DAFXZA)",VA,VA,Direct,4k,,720.0,2087.0,90.62,2024-03-21 00:00:00 -0400,https://www.rtings.com/tv/reviews/samsung/qn90d-qn90dd-qled,https://i.rtings.com/assets/products/Rv73curg/samsung-qn90d-qn90dd-qled/spd-large.jpg?format=auto,True,InP,False,Standard QDEF with InP (G:36.8nm R:38.1nm FWHM)
Samsung,QN90F,TV,"43"" (QN43QN90FAFXZA); 50"" (QN50QN90FAFXZA); 55"" (QN55QN90FAFXZA); 65"" (QN65QN90FAFXZA); 75"" (QN75QN90FAFXZA); 85"" (QN85QN90FAFXZA); 98"" (QN98QN90FAFXZA)",VA,VA,Direct,4k,,900.0,2075.0,84.67,2025-03-17 00:00:00 -0400,https://www.rtings.com/tv/reviews/samsung/qn90f,https://i.rtings.com/assets/products/6auL6G8G/samsung-qn90f/spd-large.jpg?format=auto,True,InP,False,Standard QDEF with InP (G:35.7nm R:38.7nm FWHM)
Samsung,QN95D,TV,"65"" (QN65QN95DAFXZA); 75"" (QN75QN95DAFXZA); 85"" (QN85QN95DAFXZA)",VA,VA,Direct,4k,,1344.0,1901.0,87.02,2024-07-01 00:00:00 -0400,https://www.rtings.com/tv/reviews/samsung/qn95d,https://i.rtings.com/assets/products/pn5vCltI/samsung-qn95d/spd-large.jpg?format=auto,True,InP,False,Standard QDEF with InP (G:37.5nm R:38.2nm FWHM)
Samsung,QN990F 8K,TV,"65"" (‎QN65QN990FFXZA); 75"" (QN75QN990FFXZA); 85"" (QN85QN990FFXZA); 98"" (QN98QN990FFXZA)",VA,VA,Direct,8k,,1920.0,2195.0,88.65,2025-04-09 00:00:00 -0400,https://www.rtings.com/tv/reviews/samsung/qn990f-8k,https://i.rtings.com/assets/products/xtXAurxn/samsung-qn990f-8k/spd-large.jpg?format=auto,True,InP,False,Standard QDEF with InP (G:36.0nm R:38.6nm FWHM)
Samsung,S85F OLED,TV,"55"" (QN55S85FAFXZA); 65"" (QN65S85FAFXZA); 77"" (QN77S85FAFXZA); 83"" (QN83S85FAFXZA)",OLED,QD-OLED,,4k,,,754.0,98.31,2025-03-26 00:00:00 -0400,https://www.rtings.com/tv/reviews/samsung/s85f-oled,https://i.rtings.com/assets/products/lw18xZKd/samsung-s85f-oled/spd-large.jpg?format=auto,True,InP,False,"Clear QD-OLED emission peaks (G:28.0nm R:37.4nm FWHM, InP)"
Samsung,S90D OLED,TV,"42"" (WOLED) (QN42S90DAEXZA); 48"" (WOLED) (QN48S90DAEXZA); 55"" (QD-OLED) (QN55S90DAFXZA); 65"" (QD-OLED) (QN65S90DAFXZA); 77"" (QD-OLED) (QN77S90DAFXZA); 83"" (WOLED) (QN83S90DAEXZA)",OLED,QD-OLED,,4k,,,1193.0,99.9,2024-03-01 00:00:00 -0500,https://www.rtings.com/tv/reviews/samsung/s90d-s90dd-oled-qd-oled,https://i.rtings.com/assets/products/bQqJWuI9/samsung-s90d-s90dd-oled-qd-oled/spd-large.jpg?format=auto,True,InP,False,"Clear QD-OLED emission peaks (G:28.1nm R:37.3nm FWHM, InP)"
Samsung,S90F OLED,TV,"42"" (‎QN42S90FAEXZA); 48"" (QN48S90FAEXZA); 55"" (QN55S90FAFXZA); 65"" (QN65S90FAFXZA); 77"" (QN77S90FAFXZA); 83"" (QN83S90FAEXZA)",OLED,QD-OLED,,4k,,,1426.0,98.11,2025-04-09 00:00:00 -0400,https://www.rtings.com/tv/reviews/samsung/s90f-oled,https://i.rtings.com/assets/products/SvuAG5Uw/samsung-s90f-oled/spd-large.jpg?format=auto,True,InP,False,"Clear QD-OLED emission peaks (G:28.2nm R:36.9nm FWHM, InP)"
Samsung,S95D OLED,TV,"55"" (QN55S95DAFXZA); 65"" (QN65S95DAFXZA); 77"" (QN77S95DAFXZA)",OLED,QD-OLED,,4k,,,1635.0,99.82,2024-03-01 00:00:00 -0500,https://www.rtings.com/tv/reviews/samsung/s95d-oled,https://i.rtings.com/assets/products/IbIgXFuV/samsung-s95d-oled/spd-large.jpg?format=auto,True,InP,False,"Clear QD-OLED emission peaks (G:28.1nm R:36.9nm FWHM, InP)"
Samsung,S95F OLED,TV,"55"" (QN55S95FAFXZA); 65"" (QN65S95FAFXZA); 77"" (QN77S95FAFXZA); 83"" (QN83S95FAFXZA)",OLED,QD-OLED,,4k,,,2124.0,99.95,2025-04-09 00:00:00 -0400,https://www.rtings.com/tv/reviews/samsung/s95f-oled,https://i.rtings.com/assets/products/try1MQNL/samsung-s95f-oled/spd-large.jpg?format=auto,True,InP,False,"Clear QD-OLED emission peaks (G:27.3nm R:37.4nm FWHM, InP)"
Samsung,The Frame 2024,TV,"43"" (QN43LS03DAFXZA); 50"" (QN50LS03DAFXZA); 55"" (QN55LS03DAFXZA); 65"" (QN65LS03DAFXZA); 75"" (QN75LS03DAFXZA); 85"" (QN85LS03DAFXZA)",VA,VA,Edge,4k,,,499.0,80.86,2024-03-21 00:00:00 -0400,https://www.rtings.com/tv/reviews/samsung/the-frame-2024-qled,https://i.rtings.com/assets/products/m5H9PjcR/samsung-the-frame-2024-qled/spd-large.jpg?format=auto,False,unknown,True,"Weak QD signal, likely pseudo-QD (G:42.2nm R:52.7nm FWHM, KSF-dominant)"
Samsung,The Frame Pro 2025,TV,"65"" (QN65LS03FWFXZA); 75"" (QN75LS03FWFXZA); 85"" (QN85LS03FWFXZA)",VA,VA,Edge,4k,,24.0,881.0,87.23,2025-04-08 20:00:01 -0400,https://www.rtings.com/tv/reviews/samsung/the-frame-pro-2025,https://i.rtings.com/assets/products/lD7q9zwg/samsung-the-frame-pro-2025/spd-large.jpg?format=auto,True,InP,False,Standard QDEF with InP (G:34.9nm R:38.4nm FWHM)
Sharp,AQUOS XLED FV1,TV,"65"" (4T-C65FV1U); 75"" (4T-C75FV1U)",VA,VA,Direct,4k,,2160.0,1927.0,86.32,2023-06-01 00:00:00 -0400,https://www.rtings.com/tv/reviews/sharp/aquos-xled-fv1,https://i.rtings.com/assets/products/LNMmpiB5/sharp-aquos-xled-fv1/spd-large.jpg?format=auto,True,CdSe,False,"Standard QDEF with CdSe (G:25.7nm R:23.8nm FWHM, narrow)"
Sony,A95L OLED,TV,"55"" (XR-55A95L); 65"" (XR-65A95L); 77"" (XR-77A95L)",OLED,QD-OLED,,4k,,,1146.0,99.75,2023-10-10 00:00:00 -0400,https://www.rtings.com/tv/reviews/sony/a95l-oled,https://i.rtings.com/assets/products/zg4hcqfC/sony-a95l-oled/spd-large.jpg?format=auto,True,InP,False,"Clear QD-OLED emission peaks (G:28.1nm R:37.2nm FWHM, InP)"
Sony,BRAVIA 7,TV,"55"" (K-55XR70); 65"" (K-65XR70); 75"" (K-75XR70); 85"" (K-85XR70)",VA,VA,Direct,4k,,480.0,1949.0,91.82,2024-04-28 20:00:01 -0400,https://www.rtings.com/tv/reviews/sony/bravia-7-qled,https://i.rtings.com/assets/products/UhW4GuDY/sony-bravia-7-qled/spd-large.jpg?format=auto,True,InP,False,Standard QDEF with InP (G:37.0nm R:36.5nm FWHM)
Sony,BRAVIA 8 II OLED,TV,"55"" (K-55XR80M2); 65"" (K-65XR80M2)",OLED,QD-OLED,,4k,,,1561.0,99.97,2025-04-28 00:00:00 -0400,https://www.rtings.com/tv/reviews/sony/bravia-8-ii-oled,https://i.rtings.com/assets/products/z5WkYj60/sony-bravia-8-ii-oled/spd-large.jpg?format=auto,True,InP,False,"Clear QD-OLED emission peaks (G:26.6nm R:36.7nm FWHM, InP)"
Sony,BRAVIA 9,TV,"65"" (K-65XR90); 75"" (K-75XR90); 85"" (K-85XR90)",VA,VA,Direct,4k,,1512.0,2873.0,88.38,2024-05-20 00:00:00 -0400,https://www.rtings.com/tv/reviews/sony/bravia-9-qled,https://i.rtings.com/assets/products/SU9COGhQ/sony-bravia-9-qled/spd-large.jpg?format=auto,True,InP,False,Standard QDEF with InP (G:37.5nm R:35.7nm FWHM)
TCL,98QM8K,TV,"98"" (98QM8K)",VA,VA,Direct,4k,,3760.0,3909.0,89.94,2025-07-01 00:00:00 -0400,https://www.rtings.com/tv/reviews/tcl/98qm8k,https://i.rtings.com/assets/products/OsKOhCDT/tcl-98qm8k/spd-large.jpg?format=auto,True,CdSe,False,"Standard QDEF with CdSe (G:22.4nm R:27.2nm FWHM, narrow)"
TCL,Q651G,TV,"43"" (43Q651G); 50"" (50Q651G); 55"" (55Q651G); 65"" (65Q651G); 75"" (75Q651G); 85"" (85Q651G); 98"" (98Q651G)",VA,VA,Direct,4k,,,367.0,83.01,2024-05-01 00:00:00 -0400,https://www.rtings.com/tv/reviews/tcl/q6-q651g-qled,https://i.rtings.com/assets/products/9OA1HWWS/tcl-q6-q651g-qled/spd-large.jpg?format=auto,False,unknown,True,"Weak QD signal, likely pseudo-QD (G:47.7nm R:9.0nm FWHM, KSF-dominant)"
TCL,Q77K,TV,"55"" (55Q77K); 65"" (65Q77K); 75"" (75Q77K); 85"" (85Q77K); 98"" (98Q77K)",VA,VA,Direct,4k,,,288.0,84.74,2025-04-06 00:00:00 -0400,https://www.rtings.com/tv/reviews/tcl/q77k,https://i.rtings.com/assets/products/0NsqeuJU/tcl-q77k/spd-large.jpg?format=auto,False,unknown,True,"Weak QD signal, likely pseudo-QD (G:46.8nm R:9.1nm FWHM, KSF-dominant)"
TCL,QM5K,TV,"50"" (50QM5K); 55"" (55QM5K); 65"" (65QM5K); 75"" (75QM5K); 85"" (85QM5K)",VA,VA,Direct,4k,,312.0,660.0,81.85,2025-06-06 00:00:00 -0400,https://www.rtings.com/tv/reviews/tcl/qm5k,https://i.rtings.com/assets/products/I0ejk2Co/tcl-qm5k/spd-large.jpg?format=auto,False,unknown,True,"Weak QD signal, likely pseudo-QD (G:46.1nm R:9.1nm FWHM, KSF-dominant)"
TCL,QM6K,TV,"55"" (55QM6K); 65"" (65QM6K); 75"" (75QM6K); 85"" (85QM6K); 98"" (98QM6K)",VA,VA,Direct,4k,,312.0,698.0,83.71,2025-02-10 00:00:00 -0500,https://www.rtings.com/tv/reviews/tcl/qm6k,https://i.rtings.com/assets/products/QPnE5RpO/tcl-qm6k/spd-large.jpg?format=auto,False,unknown,True,"Weak QD signal, likely pseudo-QD (G:47.5nm R:9.1nm FWHM, KSF-dominant)"
TCL,QM751G,TV,"55"" (55QM751G); 65"" (65QM751G); 75"" (75QM751G); 85"" (85QM751G); 98"" (98QM751G)",VA,VA,Direct,4k,,1248.0,1555.0,92.27,2024-05-01 00:00:00 -0400,https://www.rtings.com/tv/reviews/tcl/qm7-qm751g-qled,https://i.rtings.com/assets/products/7mzAmv9C/tcl-qm7-qm751g-qled/spd-large.jpg?format=auto,True,CdSe,False,"Standard QDEF with CdSe (G:22.3nm R:27.1nm FWHM, narrow)"
TCL,QM7K,TV,"55"" (55QM7K); 65"" (65QM7K); 75"" (75QM7K); 85"" (85QM7K); 98"" (98QM7K)",VA,VA,Direct,4k,,966.0,1731.0,89.42,2025-03-09 20:00:01 -0400,https://www.rtings.com/tv/reviews/tcl/qm7k,https://i.rtings.com/assets/products/Q5wzS31j/tcl-qm7k/spd-large.jpg?format=auto,True,CdSe,False,"Standard QDEF with CdSe (G:23.1nm R:27.2nm FWHM, narrow)"
TCL,QM851G,TV,"65"" (65QM851G); 75"" (75QM851G ); 85"" (85QM851G ); 98"" (98QM851G)",VA,VA,Direct,4k,,2880.0,3467.0,90.94,2024-05-20 00:00:00 -0400,https://www.rtings.com/tv/reviews/tcl/qm8-qm851g-qled,https://i.rtings.com/assets/products/yCRQ4mpn/tcl-qm8-qm851g-qled/spd-large.jpg?format=auto,True,CdSe,False,"Standard QDEF with CdSe (G:25.2nm R:22.9nm FWHM, narrow)"
TCL,QM8K,TV,"65"" (65QM8K); 75"" (75QM8K); 85"" (85QM8K); 98"" (98QM8K)",VA,VA,Direct,4k,,1680.0,3024.0,91.98,2025-05-27 00:00:00 -0400,https://www.rtings.com/tv/reviews/tcl/qm8k,https://i.rtings.com/assets/products/7OYNBgrj/tcl-qm8k/spd-large.jpg?format=auto,True,CdSe,False,"Standard QDEF with CdSe (G:22.7nm R:27.6nm FWHM, narrow)"
TCL,QM9K,TV,"65"" (65QM9K); 75"" (75QM9K); 85"" (85QM9K); 98"" (98QM9K)",VA,VA,Direct,4k,,2880.0,5060.0,93.03,2025-09-04 00:00:00 -0400,https://www.rtings.com/tv/reviews/tcl/qm9k,https://i.rtings.com/assets/products/9sBabJ7U/tcl-qm9k/spd-large.jpg?format=auto,True,CdSe,False,"Standard QDEF with CdSe (G:22.8nm R:27.8nm FWHM, narrow)"
TCL,X11L,TV,"75"" (75X11L); 85"" (85X11L); 98"" (98X11L)",VA,VA,Direct,4k,,14400.0,4524.0,89.73,2026-02-01 00:00:00 -0500,https://www.rtings.com/tv/reviews/tcl/x11l,https://i.rtings.com/assets/products/kJIa1fHU/tcl-x11l/spd-large.jpg?format=auto,True,CdSe,False,"Standard QDEF with CdSe (G:21.9nm R:21.3nm FWHM, narrow)"
