product_id,fullname,brand,url_part,review_url,test_bench_id,test_bench_version,released_at,last_updated_at,first_published_at,sizes_available,sku_count,panel_type,backlight_type,resolution,native_refresh_rate,brightness_score,color_accuracy,console_gaming,editing,office,pc_gaming,aspect_ratio,display_size,display_size_display,display_size_score,first_response_time_ms,first_response_time_ms_display,first_response_time_ms_score,hdr_bt2020_coverage_itp_pct,hdr_bt2020_coverage_itp_pct_display,hdr_bt2020_coverage_itp_pct_score,hdr_peak_10pct_nits,hdr_peak_10pct_nits_display,hdr_peak_10pct_nits_score,hdr_peak_2pct_nits,hdr_peak_2pct_nits_display,hdr_peak_2pct_nits_score,input_lag_native_ms,input_lag_native_ms_display,input_lag_native_ms_score,local_dimming,native_contrast,native_contrast_display,native_contrast_score,native_refresh_rate_display,native_refresh_rate_score,panel_sub_type,pixel_density,pixel_density_display,pixel_density_score,sdr_bt2020_coverage_pct,sdr_bt2020_coverage_pct_display,sdr_bt2020_coverage_pct_score,sdr_dci_p3_coverage_pct,sdr_dci_p3_coverage_pct_display,sdr_dci_p3_coverage_pct_score,spd_image,spd_image_local,spd_image_thumb,total_response_time_ms,total_response_time_ms_display,total_response_time_ms_score,scraped_at,image_url,reviewed_sku_id
70557,AOC AGON PRO AG276QZD2,AOC,aoc-agon-pro-ag276qzd2,https://www.rtings.com/monitor/reviews/aoc/agon-pro-ag276qzd2,238,v2.1.2,2024-09-16 00:00:00 -0400,2026-03-17 13:18:49 -0400,2025-03-31 09:43:20 -0400,"27"" (AGON PRO AG276QZD2)",1,OLED,No Backlight,2560 x 1440,240,6.8,8.8,7.5,8.7,7.1,8.9,16:9,26.7,"27""",10.0,0.3,0.3 ms,9.9,32,32.0%,7.7,454,454 cd/m²,7.0,983,983 cd/m²,9.0,2.5,2.5 ms,9.3,No,Inf,Inf : 1,10.0,240 Hz,9.0,QD-OLED,110.0078487,110 PPI,7.2,55.22,55.2%,4.1,75.47,75.5%,6.2,https://i.rtings.com/assets/products/dQqnVNJY/aoc-agon-pro-ag276qzd2/spd-large.jpg?format=auto,spd_images/monitors/aoc-agon-pro-ag276qzd2_spd.jpg,https://i.rtings.com/assets/products/dQqnVNJY/aoc-agon-pro-ag276qzd2/spd-small.jpg?format=auto,0.8,0.8 ms,9.8,2026-03-30T14:24:29.531116+00:00,https://i.rtings.com/assets/products/seyvrTEq/aoc-agon-pro-ag276qzd2/design-small.jpg?format=auto,12322
41611,AOC Q27G3XMN,AOC,aoc-q27g3xmn,https://www.rtings.com/monitor/reviews/aoc/q27g3xmn,238,v2.1.2,2023-09-01 00:00:00 -0400,2026-03-17 13:18:49 -0400,2023-12-14 08:33:29 -0500,"27"" (Q27G3XMN)",1,LCD,Full-Array,2560 x 1440,165,8.3,8.8,7.4,7.9,7.6,8.2,16:9,27,"27""",10.0,4.2,4.2 ms,8.4,38.6,38.6%,8.3,976,976 cd/m²,9.0,796,796 cd/m²,8.6,4.3,4.3 ms,8.9,Yes,4508,"4,508 : 1",8.6,165 Hz,8.5,VA,108.7855393,109 PPI,7.2,69.61,69.6%,5.5,91.73,91.7%,8.6,https://i.rtings.com/assets/products/AczJDX1r/aoc-q27g3xmn/spd-large.jpg?format=auto,spd_images/monitors/aoc-q27g3xmn_spd.jpg,https://i.rtings.com/assets/products/AczJDX1r/aoc-q27g3xmn/spd-small.jpg?format=auto,4.5,4.5 ms,8.9,2026-03-30T14:24:29.531116+00:00,https://i.rtings.com/assets/products/u0t7sCPJ/aoc-q27g3xmn/design-small.jpg?format=auto,9793
97969,AOC Q27G40XMN,AOC,aoc-q27g40xmn,https://www.rtings.com/monitor/reviews/aoc/q27g40xmn,238,v2.1.2,2025-04-17 00:00:00 -0400,2026-03-17 13:18:49 -0400,2025-06-12 09:14:23 -0400,"27"" (Q27G40XMN)",1,LCD,Full-Array,2560 x 1440,180,8.9,9.0,7.3,8.0,7.3,8.1,16:9,27,"27""",10.0,4.3,4.3 ms,8.3,42.7,42.7%,8.6,1263,"1,263 cd/m²",9.2,978,978 cd/m²,9.0,4.2,4.2 ms,9.0,Yes,4361,"4,361 : 1",8.5,180 Hz,8.7,VA,108.7855393,109 PPI,7.2,74.89,74.9%,6.1,90.28,90.3%,8.3,https://i.rtings.com/assets/products/YUPhp9Os/aoc-q27g40xmn/spd-large.jpg?format=auto,spd_images/monitors/aoc-q27g40xmn_spd.jpg,https://i.rtings.com/assets/products/YUPhp9Os/aoc-q27g40xmn/spd-small.jpg?format=auto,6.6,6.6 ms,8.6,2026-03-30T14:24:29.531116+00:00,https://i.rtings.com/assets/products/IEZOnemh/aoc-q27g40xmn/design-small.jpg?format=auto,13639
91962,ASUS ProArt Display 6K PA32QCV,ASUS,asus-proart-display-6k-pa32qcv,https://www.rtings.com/monitor/reviews/asus/proart-display-6k-pa32qcv,238,v2.1.2,2025-08-25 00:00:00 -0400,2026-03-17 13:18:49 -0400,2025-11-27 15:34:50 -0500,"32"" (ProArt Display 6K PA32QCV)",1,LCD,Edge,6016 x 3384,60,8.2,8.8,5.3,8.0,8.9,6.4,16:9,31.5,"32""",10.0,9.2,9.2 ms,5.9,34.4,34.4%,7.9,599,599 cd/m²,7.7,599,599 cd/m²,7.7,9.1,9.1 ms,8.2,Yes,1592,"1,592 : 1",6.8,60 Hz,6.0,IPS,219.1251577,219 PPI,9.4,71.93,71.9%,5.8,98.4,98.4%,9.7,https://i.rtings.com/assets/products/skZrZFzL/asus-proart-display-6k-pa32qcv/spd-large.jpg?format=auto,spd_images/monitors/asus-proart-display-6k-pa32qcv_spd.jpg,https://i.rtings.com/assets/products/skZrZFzL/asus-proart-display-6k-pa32qcv/spd-small.jpg?format=auto,16.5,16.5 ms,3.4,2026-03-30T14:24:29.531116+00:00,https://i.rtings.com/assets/products/ZFFrFStU/asus-proart-display-6k-pa32qcv/design-small.jpg?format=auto,15839
38128,ASUS ProArt Display PA279CRV,ASUS,asus-proart-display-pa279crv,https://www.rtings.com/monitor/reviews/asus/proart-display-pa279crv,238,v2.1.2,2023-05-01 00:00:00 -0400,2026-03-17 13:18:49 -0400,2023-12-05 11:01:02 -0500,"27"" (ProArt Display PA279CRV)",1,LCD,Edge,3840 x 2160,60,7.3,8.9,5.3,7.7,8.5,6.2,16:9,27,"27""",10.0,11.4,11.4 ms,5.2,34.4,34.4%,7.9,436,436 cd/m²,6.9,425,425 cd/m²,6.8,8.6,8.6 ms,8.3,Yes,920,920 : 1,5.8,60 Hz,6.0,IPS,163.1783089,163 PPI,8.6,80.56,80.6%,6.9,98.48,98.5%,9.7,https://i.rtings.com/assets/products/PbQwLr4n/asus-proart-display-pa279crv/spd-large.jpg?format=auto,spd_images/monitors/asus-proart-display-pa279crv_spd.jpg,https://i.rtings.com/assets/products/PbQwLr4n/asus-proart-display-pa279crv/spd-small.jpg?format=auto,13.2,13.2 ms,6.3,2026-03-30T14:24:29.531116+00:00,https://i.rtings.com/assets/products/GxUyxMSa/asus-proart-display-pa279crv/design-small.jpg?format=auto,9552
81301,ASUS ProArt Display PA27JCV,ASUS,asus-proart-display-pa27jcv,https://www.rtings.com/monitor/reviews/asus/proart-display-pa27jcv,238,v2.1.2,2024-10-28 00:00:00 -0400,2026-03-17 13:18:49 -0400,2025-05-29 08:51:46 -0400,"27"" (ProArt Display PA27JCV)",1,LCD,Edge,5120 x 2880,60,8.0,8.6,5.4,7.8,9.0,6.1,16:9,27,"27""",10.0,12.2,12.2 ms,4.9,32,32.0%,7.7,632,632 cd/m²,7.9,350,350 cd/m²,6.4,9.25,9.3 ms,8.2,Yes,2019,"2,019 : 1",7.2,60 Hz,6.0,IPS,217.5710785,218 PPI,9.4,75.6,75.6%,6.2,99.45,99.5%,9.9,https://i.rtings.com/assets/products/u781NFOY/asus-proart-display-pa27jcv/spd-large.jpg?format=auto,spd_images/monitors/asus-proart-display-pa27jcv_spd.jpg,https://i.rtings.com/assets/products/u781NFOY/asus-proart-display-pa27jcv/spd-small.jpg?format=auto,16.5,16.5 ms,3.4,2026-03-30T14:24:29.531116+00:00,https://i.rtings.com/assets/products/I1thrune/asus-proart-display-pa27jcv/design-small.jpg?format=auto,12383
72294,ASUS ROG Strix OLED XG27ACDNG,ASUS,asus-rog-strix-oled-xg27acdng,https://www.rtings.com/monitor/reviews/asus/rog-strix-oled-xg27acdng,238,v2.1.2,2024-10-21 00:00:00 -0400,2026-03-26 14:47:41 -0400,2025-01-27 09:48:51 -0500,"27"" (ROG Strix OLED XG27ACDNG)",1,OLED,No Backlight,2560 x 1440,360,7.2,8.9,9.1,8.9,7.3,9.2,16:9,27,"27""",10.0,0.6,0.6 ms,9.8,47.6,47.6%,8.9,454,454 cd/m²,7.0,992,992 cd/m²,9.0,2,2.0 ms,9.5,No,Inf,Inf : 1,10.0,360 Hz,9.3,QD-OLED,108.7855393,109 PPI,7.2,79.82,79.8%,6.8,99.32,99.3%,9.9,https://i.rtings.com/assets/products/NZ9mkXih/asus-rog-strix-oled-xg27acdng/spd-large.jpg?format=auto,spd_images/monitors/asus-rog-strix-oled-xg27acdng_spd.jpg,https://i.rtings.com/assets/products/NZ9mkXih/asus-rog-strix-oled-xg27acdng/spd-small.jpg?format=auto,0.6,0.6 ms,9.8,2026-03-30T14:24:29.531116+00:00,https://i.rtings.com/assets/products/JZMvjZBJ/asus-rog-strix-oled-xg27acdng/design-small.jpg?format=auto,12115
61784,ASUS ROG Strix OLED XG27AQDMG,ASUS,asus-rog-strix-oled-xg27aqdmg,https://www.rtings.com/monitor/reviews/asus/rog-strix-oled-xg27aqdmg,238,v2.1.2,2024-05-30 00:00:00 -0400,2026-03-17 13:18:49 -0400,2024-08-02 09:57:49 -0400,"27"" (ROG Strix OLED XG27AQDMG); 27"" (ROG Strix OLED XG27AQDMGZ)",2,OLED,No Backlight,2560 x 1440,240,7.5,8.3,8.3,8.6,7.1,9.0,16:9,26.5,"27""",10.0,0.3,0.3 ms,9.9,34.8,34.8%,8.0,760,760 cd/m²,8.4,1151,"1,151 cd/m²",9.1,2.6,2.6 ms,9.3,No,Inf,Inf : 1,10.0,240 Hz,9.0,WOLED,110.8380966,111 PPI,7.2,69.39,69.4%,5.5,96.34,96.3%,9.4,https://i.rtings.com/assets/products/sYGNAB2t/asus-rog-strix-oled-xg27aqdmg/spd-large.jpg?format=auto,spd_images/monitors/asus-rog-strix-oled-xg27aqdmg_spd.jpg,https://i.rtings.com/assets/products/sYGNAB2t/asus-rog-strix-oled-xg27aqdmg/spd-small.jpg?format=auto,0.3,0.3 ms,9.9,2026-03-30T14:24:29.531116+00:00,https://i.rtings.com/assets/products/8DGgxKIu/asus-rog-strix-oled-xg27aqdmg/design-small.jpg?format=auto,11038
114001,ASUS ROG Strix OLED XG27AQWMG,ASUS,asus-rog-strix-oled-xg27aqwmg,https://www.rtings.com/monitor/reviews/asus/rog-strix-oled-xg27aqwmg,238,v2.1.2,2025-11-27 00:00:00 -0500,2026-03-24 15:50:58 -0400,2026-03-09 15:25:36 -0400,"27"" (ROG Strix OLED XG27AQWMG)",1,OLED,No Backlight,2560 x 1440,280,7.6,8.9,9.1,8.7,7.3,9.1,16:9,26.5,"27""",10.0,0.5,0.5 ms,9.8,42.5,42.5%,8.6,767,767 cd/m²,8.5,1340,"1,340 cd/m²",9.2,3.1,3.1 ms,9.2,No,Inf,Inf : 1,10.0,280 Hz,9.1,WOLED,110.8380966,111 PPI,7.2,78.15,78.2%,6.5,99.73,99.7%,10.0,https://i.rtings.com/assets/products/B5JQlDvt/asus-rog-strix-oled-xg27aqwmg/spd-large.jpg?format=auto,spd_images/monitors/asus-rog-strix-oled-xg27aqwmg_spd.jpg,https://i.rtings.com/assets/products/B5JQlDvt/asus-rog-strix-oled-xg27aqwmg/spd-small.jpg?format=auto,0.5,0.5 ms,9.9,2026-03-30T14:24:29.531116+00:00,https://i.rtings.com/assets/products/mKZzUOwe/asus-rog-strix-oled-xg27aqwmg/design-small.jpg?format=auto,16291
100486,ASUS ROG Strix OLED XG32UCWMG,ASUS,asus-rog-strix-oled-xg32ucwmg,https://www.rtings.com/monitor/reviews/asus/rog-strix-oled-xg32ucwmg,238,v2.1.2,2025-09-19 00:00:00 -0400,2026-03-17 13:18:49 -0400,2025-10-30 13:49:50 -0400,"32"" (ROG Strix OLED XG32UCWMG)",1,OLED,No Backlight,3840 x 2160,240,7.2,8.5,9.2,9.0,7.9,9.2,16:9,31.5,"32""",10.0,0.4,0.4 ms,9.9,34,34.0%,7.9,674,674 cd/m²,8.1,1053,"1,053 cd/m²",9.0,2.6,2.6 ms,9.3,No,Inf,Inf : 1,10.0,240 Hz,9.0,WOLED,139.8671219,140 PPI,8.1,69.68,69.7%,5.5,96.18,96.2%,9.3,https://i.rtings.com/assets/products/Ji0c2gPT/asus-rog-strix-oled-xg32ucwmg/spd-large.jpg?format=auto,spd_images/monitors/asus-rog-strix-oled-xg32ucwmg_spd.jpg,https://i.rtings.com/assets/products/Ji0c2gPT/asus-rog-strix-oled-xg32ucwmg/spd-small.jpg?format=auto,0.4,0.4 ms,9.9,2026-03-30T14:24:29.531116+00:00,https://i.rtings.com/assets/products/BIvg3SqC/asus-rog-strix-oled-xg32ucwmg/design-small.jpg?format=auto,15530
127444,ASUS ROG Strix Pulsar XG27AQNGV,ASUS,asus-rog-strix-pulsar-xg27aqngv,https://www.rtings.com/monitor/reviews/asus/rog-strix-pulsar-xg27aqngv,238,v2.1.2,2026-01-07 00:00:00 -0500,2026-03-26 14:45:01 -0400,2026-03-26 14:45:01 -0400,"27"" (ROG Strix Pulsar XG27AQNGV)",1,LCD,Edge,2560 x 1440,360,7.4,8.6,8.0,7.3,7.6,7.7,16:9,27,"27""",10.0,2.4,2.4 ms,9.2,27.1,27.1%,7.2,458,458 cd/m²,7.0,458,458 cd/m²,7.0,2.5,2.5 ms,9.3,No,1190,"1,190 : 1",6.3,360 Hz,9.3,IPS,108.7855393,109 PPI,7.2,63.73,63.7%,4.9,88.26,88.3%,8.0,https://i.rtings.com/assets/products/vCxRl2mk/asus-rog-strix-pulsar-xg27aqngv/spd-large.jpg?format=auto,spd_images/monitors/asus-rog-strix-pulsar-xg27aqngv_spd.jpg,https://i.rtings.com/assets/products/vCxRl2mk/asus-rog-strix-pulsar-xg27aqngv/spd-small.jpg?format=auto,2.7,2.7 ms,9.3,2026-03-30T14:24:29.531116+00:00,https://i.rtings.com/assets/products/SCdQ4q6D/asus-rog-strix-pulsar-xg27aqngv/design-small.jpg?format=auto,16421
56501,ASUS ROG Strix XG27ACS,ASUS,asus-rog-strix-xg27acs,https://www.rtings.com/monitor/reviews/asus/rog-strix-xg27acs,238,v2.1.2,2024-03-31 00:00:00 -0400,2026-03-26 14:16:10 -0400,2024-10-04 15:19:42 -0400,"27"" (ROG Strix XG27ACS); 27"" (ROG Strix XG27ACS-W)",2,LCD,Edge,2560 x 1440,180,7.4,9.1,6.9,7.6,7.7,7.3,16:9,27,"27""",10.0,3.6,3.6 ms,8.7,30.5,30.5%,7.5,439,439 cd/m²,6.9,436,436 cd/m²,6.9,4.1,4.1 ms,9.0,No,1155,"1,155 : 1",6.2,180 Hz,8.7,IPS,108.7855393,109 PPI,7.2,67.29,67.3%,5.2,91.09,91.1%,8.5,https://i.rtings.com/assets/products/MQEzPzci/asus-rog-strix-xg27acs/spd-large.jpg?format=auto,spd_images/monitors/asus-rog-strix-xg27acs_spd.jpg,https://i.rtings.com/assets/products/MQEzPzci/asus-rog-strix-xg27acs/spd-small.jpg?format=auto,6.8,6.8 ms,8.5,2026-03-30T14:24:29.531116+00:00,https://i.rtings.com/assets/products/b6MKEtMQ/asus-rog-strix-xg27acs/design-small.jpg?format=auto,11550
37157,ASUS ROG Swift OLED PG27AQDM,ASUS,asus-rog-swift-oled-pg27aqdm,https://www.rtings.com/monitor/reviews/asus/rog-swift-oled-pg27aqdm,238,v2.1.2,2023-06-09 00:00:00 -0400,2026-03-17 13:18:49 -0400,2023-07-04 08:37:42 -0400,"27"" (ROG Swift OLED PG27AQDM)",1,OLED,No Backlight,2560 x 1440,240,7.3,9.0,8.3,8.7,7.3,9.0,16:9,27,"27""",10.0,.2,0.2 ms,9.9,32.6,32.6%,7.8,923,923 cd/m²,8.9,904,904 cd/m²,8.9,2.5,2.5 ms,9.3,No,Inf,Inf : 1,10.0,240 Hz,9.0,WOLED,108.7855393,109 PPI,7.2,67.32,67.3%,5.2,93.84,93.8%,8.9,https://i.rtings.com/assets/products/VrMtMMeU/asus-rog-swift-oled-pg27aqdm/spd-large.jpg?format=auto,spd_images/monitors/asus-rog-swift-oled-pg27aqdm_spd.jpg,https://i.rtings.com/assets/products/VrMtMMeU/asus-rog-swift-oled-pg27aqdm/spd-small.jpg?format=auto,.2,0.2 ms,9.9,2026-03-30T14:24:29.531116+00:00,https://i.rtings.com/assets/products/1kK1PmWU/asus-rog-swift-oled-pg27aqdm/design-small.jpg?format=auto,8367
49885,ASUS ROG Swift OLED PG27AQDP,ASUS,asus-rog-swift-oled-pg27aqdp,https://www.rtings.com/monitor/reviews/asus/rog-swift-oled-pg27aqdp,238,v2.1.2,2024-08-20 00:00:00 -0400,2026-03-17 14:26:27 -0400,2024-11-08 09:26:03 -0500,"27"" (ROG Swift OLED PG27AQDP)",1,OLED,No Backlight,2560 x 1440,480,7.3,8.5,9.0,8.6,7.5,9.2,16:9,27,"27""",10.0,0.2,0.2 ms,9.9,34.9,34.9%,8.0,772,772 cd/m²,8.5,1192,"1,192 cd/m²",9.2,1.7,1.7 ms,9.5,No,Inf,Inf : 1,10.0,480 Hz,9.5,WOLED,108.7855393,109 PPI,7.2,71.46,71.5%,5.7,97.69,97.7%,9.6,https://i.rtings.com/assets/products/ea8ZotlP/asus-rog-swift-oled-pg27aqdp/spd-large.jpg?format=auto,spd_images/monitors/asus-rog-swift-oled-pg27aqdp_spd.jpg,https://i.rtings.com/assets/products/ea8ZotlP/asus-rog-swift-oled-pg27aqdp/spd-small.jpg?format=auto,0.4,0.4 ms,9.9,2026-03-30T14:24:29.531116+00:00,https://i.rtings.com/assets/products/mQvBvCOz/asus-rog-swift-oled-pg27aqdp/design-small.jpg?format=auto,11791
110675,ASUS ROG Swift OLED PG27AQWP-W,ASUS,asus-rog-swift-oled-pg27aqwp-w,https://www.rtings.com/monitor/reviews/asus/rog-swift-oled-pg27aqwp-w,238,v2.1.2,2025-11-07 00:00:00 -0500,2026-03-17 15:12:12 -0400,2026-03-17 14:22:26 -0400,"27"" (ROG Swift OLED PG27AQWP-W)",1,OLED,No Backlight,2560 x 1440,540,7.7,8.8,9.2,8.6,7.3,9.4,16:9,26.5,"27""",10.0,0.5,0.5 ms,9.8,42.3,42.3%,8.6,811,811 cd/m²,8.6,1381,"1,381 cd/m²",9.3,1.4,1.4 ms,9.6,No,Inf,Inf : 1,10.0,540 Hz,9.6,WOLED,110.8380966,111 PPI,7.2,77.86,77.9%,6.5,99.4,99.4%,9.9,https://i.rtings.com/assets/products/3y3Z1i52/asus-rog-swift-oled-pg27aqwp-w/spd-large.jpg?format=auto,spd_images/monitors/asus-rog-swift-oled-pg27aqwp-w_spd.jpg,https://i.rtings.com/assets/products/3y3Z1i52/asus-rog-swift-oled-pg27aqwp-w/spd-small.jpg?format=auto,0.5,0.5 ms,9.9,2026-03-30T14:24:29.531116+00:00,https://i.rtings.com/assets/products/ijzLBiGL/asus-rog-swift-oled-pg27aqwp-w/design-small.jpg?format=auto,16342
88031,ASUS ROG Swift OLED PG27UCDM,ASUS,asus-rog-swift-oled-pg27ucdm,https://www.rtings.com/monitor/reviews/asus/rog-swift-oled-pg27ucdm,238,v2.1.2,2025-01-21 00:00:00 -0500,2026-03-17 13:18:49 -0400,2025-03-21 15:40:57 -0400,"27"" (ROG Swift OLED PG27UCDM)",1,OLED,No Backlight,3840 x 2160,240,7.2,9.2,9.4,9.3,8.3,9.1,16:9,26.5,"27""",10.0,0.2,0.2 ms,9.9,45.6,45.6%,8.8,460,460 cd/m²,7.0,1016,"1,016 cd/m²",9.0,2.7,2.7 ms,9.3,No,Inf,Inf : 1,10.0,240 Hz,9.0,QD-OLED,166.2571449,166 PPI,8.6,77.3,77.3%,6.4,99.42,99.4%,9.9,https://i.rtings.com/assets/products/1zWh9st2/asus-rog-swift-oled-pg27ucdm/spd-large.jpg?format=auto,spd_images/monitors/asus-rog-swift-oled-pg27ucdm_spd.jpg,https://i.rtings.com/assets/products/1zWh9st2/asus-rog-swift-oled-pg27ucdm/spd-small.jpg?format=auto,0.4,0.4 ms,9.9,2026-03-30T14:24:29.531116+00:00,https://i.rtings.com/assets/products/OJanXy77/asus-rog-swift-oled-pg27ucdm/design-small.jpg?format=auto,12333
42065,ASUS ROG Swift OLED PG32UCDM,ASUS,asus-rog-swift-oled-pg32ucdm,https://www.rtings.com/monitor/reviews/asus/rog-swift-oled-pg32ucdm,238,v2.1.2,2024-03-01 00:00:00 -0500,2026-03-17 13:18:49 -0400,2024-06-03 10:03:18 -0400,"32"" (ROG Swift OLED PG32UCDM)",1,OLED,No Backlight,3840 x 2160,240,7.0,8.2,9.2,8.9,7.6,9.1,16:9,31.5,"32""",10.0,0.3,0.3 ms,9.9,47,47.0%,8.9,466,466 cd/m²,7.1,1025,"1,025 cd/m²",9.0,2.7,2.7 ms,9.3,No,Inf,Inf : 1,10.0,240 Hz,9.0,QD-OLED,139.8671219,140 PPI,8.1,78.7,78.7%,6.6,98.9,98.9%,9.8,https://i.rtings.com/assets/products/RjyjAuP9/asus-rog-swift-oled-pg32ucdm/spd-large.jpg?format=auto,spd_images/monitors/asus-rog-swift-oled-pg32ucdm_spd.jpg,https://i.rtings.com/assets/products/RjyjAuP9/asus-rog-swift-oled-pg32ucdm/spd-small.jpg?format=auto,0.3,0.3 ms,9.9,2026-03-30T14:24:29.531116+00:00,https://i.rtings.com/assets/products/g33RcXth/asus-rog-swift-oled-pg32ucdm/design-small.jpg?format=auto,10747
49884,ASUS ROG Swift OLED PG32UCDP,ASUS,asus-rog-swift-oled-pg32ucdp,https://www.rtings.com/monitor/reviews/asus/rog-swift-oled-pg32ucdp,238,v2.1.2,2024-08-05 00:00:00 -0400,2026-03-17 13:18:49 -0400,2024-09-20 08:52:35 -0400,"32"" (ROG Swift OLED PG32UCDP)",1,OLED,No Backlight,3840 x 2160,240,7.0,8.5,9.2,9.0,8.0,9.2,16:9,31.5,"32""",10.0,0.3,0.3 ms,9.9,33.2,33.2%,7.8,694,694 cd/m²,8.2,1080,"1,080 cd/m²",9.1,2.7,2.7 ms,9.3,No,Inf,Inf : 1,10.0,240 Hz,9.0,WOLED,139.8671219,140 PPI,8.1,70.76,70.8%,5.6,97.08,97.1%,9.5,https://i.rtings.com/assets/products/LrZiTJWF/asus-rog-swift-oled-pg32ucdp/spd-large.jpg?format=auto,spd_images/monitors/asus-rog-swift-oled-pg32ucdp_spd.jpg,https://i.rtings.com/assets/products/LrZiTJWF/asus-rog-swift-oled-pg32ucdp/spd-small.jpg?format=auto,0.3,0.3 ms,9.9,2026-03-30T14:24:29.531116+00:00,https://i.rtings.com/assets/products/uzV7ZnUi/asus-rog-swift-oled-pg32ucdp/design-small.jpg?format=auto,11438
39860,Acer Nitro XV275K P3biipruzx,Acer,acer-nitro-xv275k-p3biipruzx,https://www.rtings.com/monitor/reviews/acer/nitro-xv275k-p3biipruzx,238,v2.1.2,2023-06-01 00:00:00 -0400,2026-03-17 13:18:49 -0400,2023-11-21 12:23:07 -0500,"27"" (Nitro XV275K P3biipruzx)",1,LCD,Full-Array,3840 x 2160,160,8.8,9.0,8.5,8.1,8.8,7.7,16:9,27,"27""",10.0,4.4,4.4 ms,8.2,44.2,44.2%,8.7,1412,"1,412 cd/m²",9.3,773,773 cd/m²,8.5,3.7,3.7 ms,9.1,Yes,1141,"1,141 : 1",6.2,160 Hz,8.5,IPS,163.1783089,163 PPI,8.6,83.83,83.8%,7.3,95.73,95.7%,9.3,https://i.rtings.com/assets/products/pEWwfO4G/acer-nitro-xv275k-p3biipruzx/spd-large.jpg?format=auto,spd_images/monitors/acer-nitro-xv275k-p3biipruzx_spd.jpg,https://i.rtings.com/assets/products/pEWwfO4G/acer-nitro-xv275k-p3biipruzx/spd-small.jpg?format=auto,5.7,5.7 ms,8.7,2026-03-30T14:24:29.531116+00:00,https://i.rtings.com/assets/products/mta2grJK/acer-nitro-xv275k-p3biipruzx/design-small.jpg?format=auto,9342
113401,Acer Nitro XV275K P5biipruzx,Acer,acer-nitro-xv275k-p5biipruzx,https://www.rtings.com/monitor/reviews/acer/nitro-xv275k-p5biipruzx,238,v2.1.2,2025-09-26 00:00:00 -0400,2026-03-17 13:18:49 -0400,2025-11-13 12:16:01 -0500,"27"" (Nitro XV275K P5biipruzx)",1,LCD,Full-Array,3840 x 2160,160,8.7,8.5,8.5,7.9,8.4,7.7,16:9,27,"27""",10.0,4.1,4.1 ms,8.4,40.8,40.8%,8.5,1243,"1,243 cd/m²",9.2,727,727 cd/m²,8.3,3.7,3.7 ms,9.1,Yes,1145,"1,145 : 1",6.2,160 Hz,8.5,IPS,163.1783089,163 PPI,8.6,80.02,80.0%,6.8,94.99,95.0%,9.1,https://i.rtings.com/assets/products/qZ0l9aSy/acer-nitro-xv275k-p5biipruzx/spd-large.jpg?format=auto,spd_images/monitors/acer-nitro-xv275k-p5biipruzx_spd.jpg,https://i.rtings.com/assets/products/qZ0l9aSy/acer-nitro-xv275k-p5biipruzx/spd-small.jpg?format=auto,7,7.0 ms,8.5,2026-03-30T14:24:29.531116+00:00,https://i.rtings.com/assets/products/cbFyy7oT/acer-nitro-xv275k-p5biipruzx/design-small.jpg?format=auto,15684
32280,Apple Studio Display 2022,Apple,apple-studio-display-2022,https://www.rtings.com/monitor/reviews/apple/studio-display,238,v2.1.2,2022-03-18 00:00:00 -0400,2026-03-27 11:38:38 -0400,2022-05-03 10:54:59 -0400,Nano-Texture Glass and Tilt Adjustable (Studio Display 2022); Nano-texture Glass Tilt and Height-Adjustable (Studio Display 2022); Nano-texture Glass and VESA Mount Adapter (Studio Display 2022); Standard Glass Tilt and Height-Adjustable (Studio Display 2022); Standard Glass and Tilt Adjustable (Studio Display 2022); Standard Glass and VESA Mount Adapter (Studio Display 2022),6,LCD,Edge,5120 x 2880,60,3.5,9.4,2.3,7.4,8.3,5.1,16:9,27,"27""",10.0,18.4,18.4 ms,1.1,,0.0%,0.0,,0 cd/m²,0.0,,0 cd/m²,0.0,9.6,9.6 ms,8.1,No,1052,"1,052 : 1",6.1,60 Hz,6.0,IPS,217.5710785,218 PPI,9.4,,0.0%,0.0,,0.0%,0.0,https://i.rtings.com/assets/products/wnPZySsS/apple-studio-display/spd-large.jpg?format=auto,spd_images/monitors/apple-studio-display-2022_spd.jpg,https://i.rtings.com/assets/products/wnPZySsS/apple-studio-display/spd-small.jpg?format=auto,18.4,18.4 ms,1.5,2026-03-30T14:24:29.531116+00:00,https://i.rtings.com/assets/products/Cqhc5EEq/apple-studio-display/design-small.jpg?format=auto,6372
133967,Apple Studio Display 2026,Apple,apple-studio-display-2026,https://www.rtings.com/early-access/monitor/reviews/apple/studio-display-2026,238,v2.1.2,2026-03-11 00:00:00 -0400,2026-03-27 11:37:13 -0400,,"27"" - Nano-texture glass/Tilt- and height-adjustable stand (Studio Display 2026); 27"" - Nano-texture glass/Tilt-adjustable stand (Studio Display 2026); 27"" - Nano-texture glass/VESA mount adapter (Studio Display 2026); 27"" - Standard glass/Tilt- and height-adjustable stand (Studio Display 2026); 27"" - Standard glass/Tilt-adjustable stand (Studio Display 2026); 27"" - Standard glass/VESA mount adapter (Studio Display 2026)",6,LCD,Edge,5120 x 2880,60,3.4,9.4,2.4,7.6,8.2,5.2,16:9,27,"27""",10.0,18.5,18.5 ms,1.0,,0.0%,0.0,,0 cd/m²,0.0,,0 cd/m²,0.0,8.9,8.9 ms,8.2,No,1145,"1,145 : 1",6.2,60 Hz,6.0,IPS,217.5710785,218 PPI,9.4,,0.0%,0.0,,0.0%,0.0,https://i.rtings.com/assets/products/QxNi2Pnh/apple-studio-display-2026/spd-large.jpg?format=auto,spd_images/monitors/apple-studio-display-2026_spd.jpg,https://i.rtings.com/assets/products/QxNi2Pnh/apple-studio-display-2026/spd-small.jpg?format=auto,18.5,18.5 ms,1.4,2026-03-30T14:24:29.531116+00:00,https://i.rtings.com/assets/products/Thoc4zxZ/apple-studio-display-2026/in-test-small.jpg?format=auto,16470
66546,BenQ MOBIUZ EX321UX,BenQ,benq-mobiuz-ex321ux,https://www.rtings.com/monitor/reviews/benq/mobiuz-ex321ux,238,v2.1.2,2024-08-03 00:00:00 -0400,2026-03-17 13:18:49 -0400,2025-06-23 09:49:05 -0400,"32"" (MOBIUZ EX321UX)",1,LCD,Full-Array,3840 x 2160,144,9.3,8.8,8.5,8.2,8.4,7.9,16:9,31.5,"32""",10.0,4.1,4.1 ms,8.4,50.9,50.9%,9.0,1447,"1,447 cd/m²",9.3,1051,"1,051 cd/m²",9.0,4.25,4.3 ms,9.0,Yes,1272,"1,272 : 1",6.4,144 Hz,8.3,IPS,139.8671219,140 PPI,8.1,86.25,86.3%,7.7,99.58,99.6%,9.9,https://i.rtings.com/assets/products/CaseoE9j/benq-mobiuz-ex321ux/spd-large.jpg?format=auto,spd_images/monitors/benq-mobiuz-ex321ux_spd.jpg,https://i.rtings.com/assets/products/CaseoE9j/benq-mobiuz-ex321ux/spd-small.jpg?format=auto,5.5,5.5 ms,8.8,2026-03-30T14:24:29.531116+00:00,https://i.rtings.com/assets/products/j5k8uyRl/benq-mobiuz-ex321ux/design-small.jpg?format=auto,13720
40848,Dell Alienware AW2724DM,Dell,dell-alienware-aw2724dm,https://www.rtings.com/monitor/reviews/dell/alienware-aw2724dm,238,v2.1.2,2023-06-01 00:00:00 -0400,2026-03-17 13:18:49 -0400,2023-09-19 08:25:54 -0400,"27"" (Alienware AW2724DM)",1,LCD,Edge,2560 x 1440,165,7.9,8.8,7.1,7.4,7.6,7.3,16:9,27,"27""",10.0,4.5,4.5 ms,8.2,30.4,30.4%,7.5,618,618 cd/m²,7.8,328,328 cd/m²,6.2,3.3,3.3 ms,9.1,Yes,989,989 : 1,6.0,165 Hz,8.5,IPS,108.7855393,109 PPI,7.2,72.63,72.6%,5.8,96.17,96.2%,9.3,https://i.rtings.com/assets/products/fiSdrSEg/dell-alienware-aw2724dm/spd-large.jpg?format=auto,spd_images/monitors/dell-alienware-aw2724dm_spd.jpg,https://i.rtings.com/assets/products/fiSdrSEg/dell-alienware-aw2724dm/spd-small.jpg?format=auto,5.3,5.3 ms,8.8,2026-03-30T14:24:29.531116+00:00,https://i.rtings.com/assets/products/3ERJ1NPk/dell-alienware-aw2724dm/design-small.jpg?format=auto,8762
46678,Dell Alienware AW2725DF,Dell,dell-alienware-aw2725df,https://www.rtings.com/monitor/reviews/dell/alienware-aw2725df,238,v2.1.2,2024-01-01 00:00:00 -0500,2026-03-17 13:18:49 -0400,2024-03-13 13:33:51 -0400,"27"" (Alienware AW2725DF)",1,OLED,No Backlight,2560 x 1440,360,6.6,9.5,8.3,9.0,7.0,9.2,16:9,27,"27""",10.0,0.2,0.2 ms,9.9,47.6,47.6%,8.9,445,445 cd/m²,6.9,984,984 cd/m²,9.0,2.1,2.1 ms,9.4,No,Inf,Inf : 1,10.0,360 Hz,9.3,QD-OLED,108.7855393,109 PPI,7.2,80.18,80.2%,6.8,99.57,99.6%,9.9,https://i.rtings.com/assets/products/claYiwSO/dell-alienware-aw2725df/spd-large.jpg?format=auto,spd_images/monitors/dell-alienware-aw2725df_spd.jpg,https://i.rtings.com/assets/products/claYiwSO/dell-alienware-aw2725df/spd-small.jpg?format=auto,0.2,0.2 ms,9.9,2026-03-30T14:24:29.531116+00:00,https://i.rtings.com/assets/products/2vl7SnXp/dell-alienware-aw2725df/design-small.jpg?format=auto,10003
96305,Dell Alienware AW2725DM,Dell,dell-alienware-aw2725dm,https://www.rtings.com/monitor/reviews/dell/alienware-aw2725dm,238,v2.1.2,2025-03-06 00:00:00 -0500,2026-03-17 13:18:49 -0400,2026-02-18 09:16:13 -0500,"27"" (Alienware AW2725DM)",1,LCD,Edge,2560 x 1440,180,7.3,8.4,7.1,7.4,7.8,7.3,16:9,27,"27""",10.0,4.2,4.2 ms,8.4,30.4,30.4%,7.5,448,448 cd/m²,7.0,272,272 cd/m²,5.8,3.4,3.4 ms,9.1,Yes,968,968 : 1,5.9,180 Hz,8.7,IPS,108.7855393,109 PPI,7.2,66.76,66.8%,5.2,92.16,92.2%,8.6,https://i.rtings.com/assets/products/63wEvEqd/dell-alienware-aw2725dm/spd-large.jpg?format=auto,spd_images/monitors/dell-alienware-aw2725dm_spd.jpg,https://i.rtings.com/assets/products/63wEvEqd/dell-alienware-aw2725dm/spd-small.jpg?format=auto,4.8,4.8 ms,8.9,2026-03-30T14:24:29.531116+00:00,https://i.rtings.com/assets/products/MnD64Txh/dell-alienware-aw2725dm/design-small.jpg?format=auto,16076
88487,Dell Alienware AW2725Q,Dell,dell-alienware-aw2725q,https://www.rtings.com/monitor/reviews/dell/alienware-aw2725q,238,v2.1.2,2025-03-04 00:00:00 -0500,2026-03-17 13:18:49 -0400,2025-04-08 15:01:44 -0400,"27"" (Alienware AW2725Q)",1,OLED,No Backlight,3840 x 2160,240,6.6,8.0,9.3,8.9,8.1,9.0,16:9,26.7,"27""",10.0,0.4,0.4 ms,9.9,45.7,45.7%,8.8,461,461 cd/m²,7.0,1003,"1,003 cd/m²",9.0,2.8,2.8 ms,9.3,No,Inf,Inf : 1,10.0,240 Hz,9.0,QD-OLED,165.011773,165 PPI,8.6,78.34,78.3%,6.6,99.63,99.6%,9.9,https://i.rtings.com/assets/products/6lq96V7D/dell-alienware-aw2725q/spd-large.jpg?format=auto,spd_images/monitors/dell-alienware-aw2725q_spd.jpg,https://i.rtings.com/assets/products/6lq96V7D/dell-alienware-aw2725q/spd-small.jpg?format=auto,0.4,0.4 ms,9.9,2026-03-30T14:24:29.531116+00:00,https://i.rtings.com/assets/products/6QJi4FnI/dell-alienware-aw2725q/design-small.jpg?format=auto,12372
77245,Dell Alienware AW2725QF,Dell,dell-alienware-aw2725qf,https://www.rtings.com/monitor/reviews/dell/alienware-aw2725qf,238,v2.1.2,2024-09-01 00:00:00 -0400,2026-03-17 13:18:49 -0400,2025-08-26 10:07:38 -0400,"27"" (Alienware AW2725QF)",1,LCD,Edge,3840 x 2160,165,7.9,8.9,8.2,7.7,8.4,7.5,16:9,27,"27""",10.0,3.9,3.9 ms,8.6,34.4,34.4%,7.9,648,648 cd/m²,8.0,443,443 cd/m²,6.9,4.3,4.3 ms,8.9,Yes,1154,"1,154 : 1",6.2,165 Hz,8.5,IPS,163.1783089,163 PPI,8.6,67.58,67.6%,5.3,91.62,91.6%,8.6,https://i.rtings.com/assets/products/BI6V8GgI/dell-alienware-aw2725qf/spd-large.jpg?format=auto,spd_images/monitors/dell-alienware-aw2725qf_spd.jpg,https://i.rtings.com/assets/products/BI6V8GgI/dell-alienware-aw2725qf/spd-small.jpg?format=auto,7.9,7.9 ms,8.3,2026-03-30T14:24:29.531116+00:00,https://i.rtings.com/assets/products/FeGMVEAe/dell-alienware-aw2725qf/design-small.jpg?format=auto,14602
96306,Dell Alienware AW3225DM,Dell,dell-alienware-aw3225dm,https://www.rtings.com/monitor/reviews/dell/alienware-aw3225dm,238,v2.1.2,2025-03-06 00:00:00 -0500,2026-03-17 13:18:49 -0400,2025-07-21 10:12:21 -0400,"32"" (Alienware AW3225DM)",1,LCD,Edge,2560 x 1440,180,7.7,8.5,7.3,7.4,7.4,7.6,16:9,31.5,"32""",10.0,4.1,4.1 ms,8.4,30.7,30.7%,7.6,504,504 cd/m²,7.3,320,320 cd/m²,6.2,3.9,3.9 ms,9.0,Yes,4073,"4,073 : 1",8.4,180 Hz,8.7,VA,93.24474794,93 PPI,6.3,65.88,65.9%,5.1,88.04,88.0%,8.0,https://i.rtings.com/assets/products/QXnfgRGC/dell-alienware-aw3225dm/spd-large.jpg?format=auto,spd_images/monitors/dell-alienware-aw3225dm_spd.jpg,https://i.rtings.com/assets/products/QXnfgRGC/dell-alienware-aw3225dm/spd-small.jpg?format=auto,4.8,4.8 ms,8.9,2026-03-30T14:24:29.531116+00:00,https://i.rtings.com/assets/products/CA6dYKwp/dell-alienware-aw3225dm/design-small.jpg?format=auto,14136
46677,Dell Alienware AW3225QF,Dell,dell-alienware-aw3225qf,https://www.rtings.com/monitor/reviews/dell/alienware-aw3225qf,238,v2.1.2,2024-01-11 00:00:00 -0500,2026-03-18 13:59:22 -0400,2024-02-06 11:33:04 -0500,"32"" (Alienware AW3225QF)",1,OLED,No Backlight,3840 x 2160,240,6.8,9.6,9.0,9.3,7.5,9.0,16:9,32,"32""",10.0,0.4,0.4 ms,9.9,45.6,45.6%,8.8,448,448 cd/m²,7.0,976,976 cd/m²,9.0,3.1,3.1 ms,9.2,No,Inf,Inf : 1,10.0,240 Hz,9.0,QD-OLED,137.6816981,138 PPI,8.0,78.32,78.3%,6.6,98.79,98.8%,9.8,https://i.rtings.com/assets/products/RsjnnWVO/dell-alienware-aw3225qf/spd-large.jpg?format=auto,spd_images/monitors/dell-alienware-aw3225qf_spd.jpg,https://i.rtings.com/assets/products/RsjnnWVO/dell-alienware-aw3225qf/spd-small.jpg?format=auto,0.4,0.4 ms,9.9,2026-03-30T14:24:29.531116+00:00,https://i.rtings.com/assets/products/wXTgx30J/dell-alienware-aw3225qf/design-small.jpg?format=auto,9966
94176,Dell Alienware AW3425DW,Dell,dell-alienware-aw3425dw,https://www.rtings.com/monitor/reviews/dell/alienware-aw3425dw,238,v2.1.2,2025-04-29 00:00:00 -0400,2026-03-17 13:18:49 -0400,2025-08-14 11:25:40 -0400,"34"" (Alienware AW3425DW)",1,OLED,No Backlight,3440 x 1440,240,6.8,9.4,9.1,9.0,6.9,9.1,21:9,34.2,"34""",10.0,0.2,0.2 ms,9.9,48.7,48.7%,9.0,457,457 cd/m²,7.0,1003,"1,003 cd/m²",9.0,2.9,2.9 ms,9.2,No,Inf,Inf : 1,10.0,240 Hz,9.0,QD-OLED,109.0419838,109 PPI,7.2,80.71,80.7%,6.9,99.51,99.5%,9.9,https://i.rtings.com/assets/products/7rPDzkYk/dell-alienware-aw3425dw/spd-large.jpg?format=auto,spd_images/monitors/dell-alienware-aw3425dw_spd.jpg,https://i.rtings.com/assets/products/7rPDzkYk/dell-alienware-aw3425dw/spd-small.jpg?format=auto,1.2,1.2 ms,9.7,2026-03-30T14:24:29.531116+00:00,https://i.rtings.com/assets/products/ThIgNA4u/dell-alienware-aw3425dw/design-small.jpg?format=auto,14435
96004,Dell Alienware AW3425DWM,Dell,dell-alienware-aw3425dwm,https://www.rtings.com/monitor/reviews/dell/alienware-aw3425dwm,238,v2.1.2,2025-03-06 00:00:00 -0500,2026-03-17 13:18:49 -0400,2025-07-04 09:44:30 -0400,"34"" (AW3425DWM)",1,LCD,Edge,3440 x 1440,180,7.7,8.4,7.3,7.5,7.5,7.6,21:9,34,"34""",10.0,4.1,4.1 ms,8.4,32.5,32.5%,7.7,505,505 cd/m²,7.3,504,504 cd/m²,7.3,4,4.0 ms,9.0,Yes,3992,"3,992 : 1",8.4,180 Hz,8.7,VA,109.6834073,110 PPI,7.2,66.68,66.7%,5.2,89.55,89.6%,8.2,https://i.rtings.com/assets/products/OK7A9HOH/dell-alienware-aw3425dwm/spd-large.jpg?format=auto,spd_images/monitors/dell-alienware-aw3425dwm_spd.jpg,https://i.rtings.com/assets/products/OK7A9HOH/dell-alienware-aw3425dwm/spd-small.jpg?format=auto,5.8,5.8 ms,8.7,2026-03-30T14:24:29.531116+00:00,https://i.rtings.com/assets/products/kTy4pu4T/dell-alienware-aw3425dwm/design-small.jpg?format=auto,13718
126616,Dell S2725DC,Dell,dell-s2725dc,https://www.rtings.com/monitor/reviews/dell/s2725dc,238,v2.1.2,2026-01-08 00:00:00 -0500,2026-03-17 13:18:49 -0400,2026-02-02 14:59:50 -0500,"27"" (S2725DC)",1,LCD,Edge,2560 x 1440,144,3.2,8.2,4.9,6.7,7.7,6.0,16:9,27,"27""",10.0,7.5,7.5 ms,6.4,,0.0%,0.0,,0 cd/m²,0.0,,0 cd/m²,0.0,4.4,4.4 ms,8.9,No,1332,"1,332 : 1",6.5,144 Hz,8.3,IPS,108.7855393,109 PPI,7.2,,0.0%,0.0,,0.0%,0.0,https://i.rtings.com/assets/products/BY4SY2fU/dell-s2725dc/spd-large.jpg?format=auto,spd_images/monitors/dell-s2725dc_spd.jpg,https://i.rtings.com/assets/products/BY4SY2fU/dell-s2725dc/spd-small.jpg?format=auto,7.7,7.7 ms,8.3,2026-03-30T14:24:29.531116+00:00,https://i.rtings.com/assets/products/DHPiMDKG/dell-s2725dc/design-small.jpg?format=auto,16064
94439,Dell S2725QC,Dell,dell-s2725qc,https://www.rtings.com/monitor/reviews/dell/s2725qc,238,v2.1.2,2025-03-20 00:00:00 -0400,2026-03-17 13:18:49 -0400,2025-09-12 15:35:19 -0400,"27"" (S2725QC)",1,LCD,Edge,3840 x 2160,120,7.0,8.8,7.3,7.8,8.4,6.1,16:9,27,"27""",10.0,9,9.0 ms,6.0,23.5,23.5%,6.7,359,359 cd/m²,6.4,359,359 cd/m²,6.4,4.7,4.7 ms,8.9,No,1445,"1,445 : 1",6.6,120 Hz,8.0,IPS,163.1783089,163 PPI,8.6,59.19,59.2%,4.4,82.29,82.3%,7.1,https://i.rtings.com/assets/products/9XMaNjFZ/dell-s2725qc/spd-large.jpg?format=auto,spd_images/monitors/dell-s2725qc_spd.jpg,https://i.rtings.com/assets/products/9XMaNjFZ/dell-s2725qc/spd-small.jpg?format=auto,13.9,13.9 ms,5.8,2026-03-30T14:24:29.531116+00:00,https://i.rtings.com/assets/products/XJou44if/dell-s2725qc/design-small.jpg?format=auto,14954
96735,Dell S2725QS,Dell,dell-s2725qs,https://www.rtings.com/monitor/reviews/dell/s2725qs,238,v2.1.2,2025-03-19 20:00:01 -0400,2026-03-23 14:07:31 -0400,2025-09-30 12:33:14 -0400,"27"" (S2725QS)",1,LCD,Edge,3840 x 2160,120,7.2,8.9,7.3,7.9,8.4,6.1,16:9,27,"27""",10.0,11,11.0 ms,5.4,24.7,24.7%,6.9,365,365 cd/m²,6.5,365,365 cd/m²,6.5,4.6,4.6 ms,8.9,No,1386,"1,386 : 1",6.6,120 Hz,8.0,IPS,163.1783089,163 PPI,8.6,61.64,61.6%,4.7,85.58,85.6%,7.6,https://i.rtings.com/assets/products/vjCTKpVT/dell-s2725qs/spd-large.jpg?format=auto,spd_images/monitors/dell-s2725qs_spd.jpg,https://i.rtings.com/assets/products/vjCTKpVT/dell-s2725qs/spd-small.jpg?format=auto,11,11.0 ms,7.4,2026-03-30T14:24:29.531116+00:00,https://i.rtings.com/assets/products/hc7TelR3/dell-s2725qs/design-small.jpg?format=auto,15240
88588,Dell S3225QC,Dell,dell-s3225qc,https://www.rtings.com/monitor/reviews/dell/s3225qc,238,v2.1.2,2025-05-22 00:00:00 -0400,2026-03-17 13:18:49 -0400,2025-11-03 13:30:22 -0500,"32"" (S3225QC)",1,OLED,No Backlight,3840 x 2160,120,6.7,8.4,9.0,9.0,7.6,8.8,16:9,31.6,"32""",10.0,0.3,0.3 ms,9.9,45.2,45.2%,8.8,430,430 cd/m²,6.9,945,945 cd/m²,8.9,5.9,5.9 ms,8.7,No,Inf,Inf : 1,10.0,120 Hz,8.0,QD-OLED,139.4245044,139 PPI,8.1,78.54,78.5%,6.6,98.37,98.4%,9.7,https://i.rtings.com/assets/products/mZ7PgJFI/dell-s3225qc/spd-large.jpg?format=auto,spd_images/monitors/dell-s3225qc_spd.jpg,https://i.rtings.com/assets/products/mZ7PgJFI/dell-s3225qc/spd-small.jpg?format=auto,0.3,0.3 ms,9.9,2026-03-30T14:24:29.531116+00:00,https://i.rtings.com/assets/products/Dg7sGEDq/dell-s3225qc/design-small.jpg?format=auto,15639
96307,Dell S3225QS,Dell,dell-s3225qs,https://www.rtings.com/monitor/reviews/dell/s3225qs,238,v2.1.2,2025-04-14 00:00:00 -0400,2026-03-17 13:18:49 -0400,2025-08-07 09:15:18 -0400,"32"" (S3225QS)",1,LCD,Edge,3840 x 2160,120,7.1,8.5,7.5,7.6,8.1,6.7,16:9,31.5,"32""",10.0,7.7,7.7 ms,6.3,26.4,26.4%,7.1,377,377 cd/m²,6.5,376,376 cd/m²,6.5,5.8,5.8 ms,8.7,No,3701,"3,701 : 1",8.2,120 Hz,8.0,VA,139.8671219,140 PPI,8.1,61.84,61.8%,4.7,83.22,83.2%,7.2,https://i.rtings.com/assets/products/dI8syvfB/dell-s3225qs/spd-large.jpg?format=auto,spd_images/monitors/dell-s3225qs_spd.jpg,https://i.rtings.com/assets/products/dI8syvfB/dell-s3225qs/spd-small.jpg?format=auto,12.8,12.8 ms,6.6,2026-03-30T14:24:29.531116+00:00,https://i.rtings.com/assets/products/emV7Vqkm/dell-s3225qs/design-small.jpg?format=auto,14367
88589,Dell U2725QE,Dell,dell-u2725qe,https://www.rtings.com/monitor/reviews/dell/u2725qe,238,v2.1.2,2025-02-25 00:00:00 -0500,2026-03-17 13:18:49 -0400,2025-04-24 13:54:24 -0400,"27"" (U2725QE)",1,LCD,Edge,3840 x 2160,120,8.1,8.1,7.9,7.9,8.5,6.5,16:9,27,"27""",10.0,8.4,8.4 ms,6.1,37,37.0%,8.2,672,672 cd/m²,8.1,543,543 cd/m²,7.5,5,5.0 ms,8.8,Yes,2410,"2,410 : 1",7.5,120 Hz,8.0,IPS,163.1783089,163 PPI,8.6,76.99,77.0%,6.4,98.78,98.8%,9.8,https://i.rtings.com/assets/products/oi1ztpSL/dell-u2725qe/spd-large.jpg?format=auto,spd_images/monitors/dell-u2725qe_spd.jpg,https://i.rtings.com/assets/products/oi1ztpSL/dell-u2725qe/spd-small.jpg?format=auto,15.1,15.1 ms,4.8,2026-03-30T14:24:29.531116+00:00,https://i.rtings.com/assets/products/EJnSIT8d/dell-u2725qe/design-small.jpg?format=auto,12349
88590,Dell U3225QE,Dell,dell-u3225qe,https://www.rtings.com/monitor/reviews/dell/u3225qe,238,v2.1.2,2025-02-25 00:00:00 -0500,2026-03-17 13:18:49 -0400,2025-04-08 12:33:46 -0400,"32"" (U3225QE)",1,LCD,Edge,3840 x 2160,120,8.0,8.6,7.9,8.0,8.4,6.4,16:9,31.5,"32""",10.0,11.9,11.9 ms,5.0,36.4,36.4%,8.1,623,623 cd/m²,7.9,507,507 cd/m²,7.3,5.3,5.3 ms,8.8,Yes,2252,"2,252 : 1",7.4,120 Hz,8.0,IPS,139.8671219,140 PPI,8.1,76.55,76.6%,6.3,98.78,98.8%,9.8,https://i.rtings.com/assets/products/mPMBqDC5/dell-u3225qe/spd-large.jpg?format=auto,spd_images/monitors/dell-u3225qe_spd.jpg,https://i.rtings.com/assets/products/mPMBqDC5/dell-u3225qe/spd-small.jpg?format=auto,12.1,12.1 ms,7.0,2026-03-30T14:24:29.531116+00:00,https://i.rtings.com/assets/products/L59W3KZp/dell-u3225qe/design-small.jpg?format=auto,12350
49534,Dell U4025QW,Dell,dell-u4025qw,https://www.rtings.com/monitor/reviews/dell/u4025qw,238,v2.1.2,2024-02-01 00:00:00 -0500,2026-03-17 13:18:49 -0400,2024-05-03 13:01:50 -0400,"40"" (U4025QW)",1,LCD,Edge,5120 x 2160,120,7.7,8.9,5.8,8.0,8.1,6.3,21:9,39.7,"40""",10.0,16.3,16.3 ms,2.5,38.1,38.1%,8.3,588,588 cd/m²,7.7,559,559 cd/m²,7.5,4.7,4.7 ms,8.9,Yes,1918,"1,918 : 1",7.1,120 Hz,8.0,IPS,139.9742467,140 PPI,8.1,77.75,77.8%,6.5,96.33,96.3%,9.4,https://i.rtings.com/assets/products/MkgWMJ11/dell-u4025qw/spd-large.jpg?format=auto,spd_images/monitors/dell-u4025qw_spd.jpg,https://i.rtings.com/assets/products/MkgWMJ11/dell-u4025qw/spd-small.jpg?format=auto,16.3,16.3 ms,3.6,2026-03-30T14:24:29.531116+00:00,https://i.rtings.com/assets/products/NV0UEOvn/dell-u4025qw/design-small.jpg?format=auto,10548
127358,Dell U5226KW,Dell,dell-u5226kw,https://www.rtings.com/monitor/reviews/dell/u5226kw,238,v2.1.2,2026-01-12 00:00:00 -0500,2026-03-17 13:18:49 -0400,2026-02-11 08:55:08 -0500,"52"" (U5226KW)",1,LCD,Edge,6144 x 2560,120,3.2,9.2,5.1,7.3,7.7,5.4,21:9,51.5,"52""",10.0,8.4,8.4 ms,6.1,,0.0%,0.0,,0 cd/m²,0.0,,0 cd/m²,0.0,5,5.0 ms,8.8,No,1694,"1,694 : 1",6.9,120 Hz,8.0,IPS,129.2427184,129 PPI,7.8,,0.0%,0.0,,0.0%,0.0,https://i.rtings.com/assets/products/b9jKSWFX/dell-u5226kw/spd-large.jpg?format=auto,spd_images/monitors/dell-u5226kw_spd.jpg,https://i.rtings.com/assets/products/b9jKSWFX/dell-u5226kw/spd-small.jpg?format=auto,17.4,17.4 ms,2.5,2026-03-30T14:24:29.531116+00:00,https://i.rtings.com/assets/products/SBnh4Zjp/dell-u5226kw/design-small.jpg?format=auto,16077
51510,Gigabyte AORUS FO27Q3,Gigabyte,gigabyte-aorus-fo27q3,https://www.rtings.com/monitor/reviews/gigabyte/aorus-fo27q3,238,v2.1.2,2024-04-30 00:00:00 -0400,2026-03-17 13:18:49 -0400,2024-06-17 12:10:01 -0400,"27"" (AORUS FO27Q3)",1,OLED,No Backlight,2560 x 1440,360,7.3,9.2,9.2,9.0,7.3,9.3,16:9,27,"27""",10.0,0.3,0.3 ms,9.9,48.3,48.3%,8.9,472,472 cd/m²,7.1,1044,"1,044 cd/m²",9.0,2.1,2.1 ms,9.4,No,Inf,Inf : 1,10.0,360 Hz,9.3,QD-OLED,108.7855393,109 PPI,7.2,80.13,80.1%,6.8,99.47,99.5%,9.9,https://i.rtings.com/assets/products/jV5LRscC/gigabyte-aorus-fo27q3/spd-large.jpg?format=auto,spd_images/monitors/gigabyte-aorus-fo27q3_spd.jpg,https://i.rtings.com/assets/products/jV5LRscC/gigabyte-aorus-fo27q3/spd-small.jpg?format=auto,0.3,0.3 ms,9.9,2026-03-30T14:24:29.531116+00:00,https://i.rtings.com/assets/products/z98nikFO/gigabyte-aorus-fo27q3/design-small.jpg?format=auto,10801
49896,Gigabyte AORUS FO32U2P,Gigabyte,gigabyte-aorus-fo32u2p,https://www.rtings.com/monitor/reviews/gigabyte/aorus-fo32u2p,238,v2.1.2,2024-04-01 00:00:00 -0400,2026-03-17 13:18:49 -0400,2024-06-13 16:15:35 -0400,"32"" (AORUS FO32U2P)",1,OLED,No Backlight,3840 x 2160,240,7.2,9.2,9.4,9.2,8.0,9.1,16:9,32,"32""",10.0,0.3,0.3 ms,9.9,46.8,46.8%,8.9,459,459 cd/m²,7.0,1019,"1,019 cd/m²",9.0,2.7,2.7 ms,9.3,No,Inf,Inf : 1,10.0,240 Hz,9.0,QD-OLED,137.6816981,138 PPI,8.0,79.05,79.1%,6.7,99.12,99.1%,9.9,https://i.rtings.com/assets/products/e6sNrfja/gigabyte-aorus-fo32u2p/spd-large.jpg?format=auto,spd_images/monitors/gigabyte-aorus-fo32u2p_spd.jpg,https://i.rtings.com/assets/products/e6sNrfja/gigabyte-aorus-fo32u2p/spd-small.jpg?format=auto,0.3,0.3 ms,9.9,2026-03-30T14:24:29.531116+00:00,https://i.rtings.com/assets/products/H2SFbEsd/gigabyte-aorus-fo32u2p/design-small.jpg?format=auto,10746
101122,Gigabyte MO27Q28G,Gigabyte,gigabyte-mo27q28g,https://www.rtings.com/monitor/reviews/gigabyte/mo27q28g,238,v2.1.2,2025-12-16 00:00:00 -0500,2026-03-17 13:18:49 -0400,2026-01-20 13:53:50 -0500,"27"" (MO27Q28G)",1,OLED,No Backlight,2560 x 1440,280,7.7,8.5,9.1,8.6,7.6,9.1,16:9,27,"27""",10.0,0.4,0.4 ms,9.9,42.2,42.2%,8.6,620,620 cd/m²,7.8,1316,"1,316 cd/m²",9.2,2.3,2.3 ms,9.4,No,Inf,Inf : 1,10.0,280 Hz,9.1,WOLED,108.7855393,109 PPI,7.2,78.41,78.4%,6.6,99.87,99.9%,10.0,https://i.rtings.com/assets/products/7HqRnPag/gigabyte-mo27q28g/spd-large.jpg?format=auto,spd_images/monitors/gigabyte-mo27q28g_spd.jpg,https://i.rtings.com/assets/products/7HqRnPag/gigabyte-mo27q28g/spd-small.jpg?format=auto,0.9,0.9 ms,9.8,2026-03-30T14:24:29.531116+00:00,https://i.rtings.com/assets/products/F2GjnbK4/gigabyte-mo27q28g/design-small.jpg?format=auto,15987
97892,LG 24GS65F-B,LG,lg-24gs65f-b,https://www.rtings.com/monitor/reviews/lg/24gs65f-b,238,v2.1.2,2025-03-12 00:00:00 -0400,2026-03-17 13:18:49 -0400,2025-10-06 13:15:01 -0400,"24"" (24GS65F-B)",1,LCD,Edge,1920 x 1080,180,7.0,7.6,5.1,6.6,7.0,7.0,16:9,23.8,"24""",10.0,6.5,6.5 ms,6.8,27,27.0%,7.2,366,366 cd/m²,6.5,366,366 cd/m²,6.5,3.3,3.3 ms,9.1,No,878,878 : 1,5.8,180 Hz,8.7,IPS,92.55912479,93 PPI,6.2,67.31,67.3%,5.2,90.96,91.0%,8.4,https://i.rtings.com/assets/products/1FrDU5q3/lg-24gs65f-b/spd-large.jpg?format=auto,spd_images/monitors/lg-24gs65f-b_spd.jpg,https://i.rtings.com/assets/products/1FrDU5q3/lg-24gs65f-b/spd-small.jpg?format=auto,6.8,6.8 ms,8.5,2026-03-30T14:24:29.531116+00:00,https://i.rtings.com/assets/products/XKi5Obob/lg-24gs65f-b/design-small.jpg?format=auto,15381
126131,LG 27G610A-B,LG,lg-27g610a-b,https://www.rtings.com/monitor/reviews/lg/27g610a-b,238,v2.1.2,2025-11-01 00:00:00 -0400,2026-03-17 13:18:49 -0400,2026-02-18 09:10:56 -0500,"27"" (27G610A-B)",1,LCD,Edge,2560 x 1440,200,7.3,6.5,6.6,6.7,7.7,7.2,16:9,27,"27""",10.0,4.8,4.8 ms,7.9,26.9,26.9%,7.2,460,460 cd/m²,7.0,326,326 cd/m²,6.2,3.6,3.6 ms,9.1,No,1459,"1,459 : 1",6.6,200 Hz,8.8,IPS,108.7855393,109 PPI,7.2,65.64,65.6%,5.1,90.86,90.9%,8.4,https://i.rtings.com/assets/products/QQahoP9W/lg-27g610a-b/spd-large.jpg?format=auto,spd_images/monitors/lg-27g610a-b_spd.jpg,https://i.rtings.com/assets/products/QQahoP9W/lg-27g610a-b/spd-small.jpg?format=auto,5.9,5.9 ms,8.7,2026-03-30T14:24:29.531116+00:00,https://i.rtings.com/assets/products/jMN4PeQv/lg-27g610a-b/design-small.jpg?format=auto,16111
94531,LG 27G850A-B,LG,lg-27g850a-b,https://www.rtings.com/monitor/reviews/lg/27g850a-b,238,v2.1.2,2025-03-24 00:00:00 -0400,2026-03-17 13:18:49 -0400,2025-07-31 16:01:42 -0400,"27"" (27G850A-B)",1,LCD,Edge,3840 x 2160,240,8.4,8.2,8.2,7.7,8.4,7.6,16:9,26.95,"27""",10.0,7,7.0 ms,6.6,37.3,37.3%,8.2,769,769 cd/m²,8.5,775,775 cd/m²,8.5,3.1,3.1 ms,9.2,Yes,1734,"1,734 : 1",6.9,240 Hz,9.0,IPS,163.4810516,163 PPI,8.6,73.67,73.7%,6.0,98.82,98.8%,9.8,https://i.rtings.com/assets/products/Xi6BzZLc/lg-27g850a-b/spd-large.jpg?format=auto,spd_images/monitors/lg-27g850a-b_spd.jpg,https://i.rtings.com/assets/products/Xi6BzZLc/lg-27g850a-b/spd-small.jpg?format=auto,7,7.0 ms,8.5,2026-03-30T14:24:29.531116+00:00,https://i.rtings.com/assets/products/Uw4KtFAj/lg-27g850a-b/design-small.jpg?format=auto,14289
41927,LG 27GR83Q-B,LG,lg-27gr83q-b,https://www.rtings.com/monitor/reviews/lg/27gr83q-b,238,v2.1.2,2023-08-01 00:00:00 -0400,2026-03-17 13:18:49 -0400,2023-11-28 09:52:18 -0500,"27"" (27GR83Q-B)",1,LCD,Edge,2560 x 1440,240,7.7,8.3,7.8,7.2,7.6,7.2,16:9,27,"27""",10.0,6.5,6.5 ms,6.8,29.4,29.4%,7.4,504,504 cd/m²,7.3,504,504 cd/m²,7.3,3.2,3.2 ms,9.2,No,1201,"1,201 : 1",6.3,240 Hz,9.0,IPS,108.7855393,109 PPI,7.2,66.23,66.2%,5.1,90.13,90.1%,8.3,https://i.rtings.com/assets/products/GWzyx9Ra/lg-27gr83q-b/spd-large.jpg?format=auto,spd_images/monitors/lg-27gr83q-b_spd.jpg,https://i.rtings.com/assets/products/GWzyx9Ra/lg-27gr83q-b/spd-small.jpg?format=auto,6.6,6.6 ms,8.6,2026-03-30T14:24:29.531116+00:00,https://i.rtings.com/assets/products/bijil2Z0/lg-27gr83q-b/design-small.jpg?format=auto,9423
40716,LG 27GR93U-B,LG,lg-27gr93u-b,https://www.rtings.com/monitor/reviews/lg/27gr93u-b,238,v2.1.2,2023-08-01 00:00:00 -0400,2026-03-17 13:18:49 -0400,2023-11-07 11:59:58 -0500,"27"" (27GR93U-B)",1,LCD,Edge,3840 x 2160,144,7.7,8.5,8.0,7.7,8.3,7.1,16:9,27,"27""",10.0,4.8,4.8 ms,7.9,30.4,30.4%,7.5,533,533 cd/m²,7.4,532,532 cd/m²,7.4,4.5,4.5 ms,8.9,No,1020,"1,020 : 1",6.0,144 Hz,8.3,IPS,163.1783089,163 PPI,8.6,70.89,70.9%,5.6,95.87,95.9%,9.3,https://i.rtings.com/assets/products/ai7IzVHu/lg-27gr93u-b/spd-large.jpg?format=auto,spd_images/monitors/lg-27gr93u-b_spd.jpg,https://i.rtings.com/assets/products/ai7IzVHu/lg-27gr93u-b/spd-small.jpg?format=auto,6.7,6.7 ms,8.6,2026-03-30T14:24:29.531116+00:00,https://i.rtings.com/assets/products/1TZEeivq/lg-27gr93u-b/design-small.jpg?format=auto,9172
49556,LG 27GS95QE-B,LG,lg-27gs95qe-b,https://www.rtings.com/monitor/reviews/lg/27gs95qe-b,238,v2.1.2,2024-02-01 00:00:00 -0500,2026-03-17 13:18:49 -0400,2024-03-26 12:18:00 -0400,"27"" (27GS95QE-B)",1,OLED,No Backlight,2560 x 1440,240,7.1,9.0,9.0,8.8,7.3,9.0,16:9,27,"27""",10.0,0.3,0.3 ms,9.9,33,33.0%,7.8,620,620 cd/m²,7.8,620,620 cd/m²,7.8,2.8,2.8 ms,9.3,No,Inf,Inf : 1,10.0,240 Hz,9.0,WOLED,108.7855393,109 PPI,7.2,70.57,70.6%,5.6,97.4,97.4%,9.6,https://i.rtings.com/assets/products/jqAlGwUw/lg-27gs95qe-b/spd-large.jpg?format=auto,spd_images/monitors/lg-27gs95qe-b_spd.jpg,https://i.rtings.com/assets/products/jqAlGwUw/lg-27gs95qe-b/spd-small.jpg?format=auto,0.3,0.3 ms,9.9,2026-03-30T14:24:29.531116+00:00,https://i.rtings.com/assets/products/cBQmoTWl/lg-27gs95qe-b/design-small.jpg?format=auto,10182
117624,LG 27GX700A-B,LG,lg-27gx700a-b,https://www.rtings.com/monitor/reviews/lg/27gx700a-b,238,v2.1.2,2025-10-16 00:00:00 -0400,2026-03-17 13:18:49 -0400,2025-11-19 15:07:09 -0500,"27"" (27GX700A-B)",1,OLED,No Backlight,2560 x 1440,280,7.8,9.1,9.2,8.7,7.6,9.1,16:9,26.5,"27""",10.0,0.3,0.3 ms,9.9,43.2,43.2%,8.6,818,818 cd/m²,8.7,1427,"1,427 cd/m²",9.3,2.6,2.6 ms,9.3,No,Inf,Inf : 1,10.0,280 Hz,9.1,WOLED,110.8380966,111 PPI,7.2,79.53,79.5%,6.7,99.69,99.7%,9.9,https://i.rtings.com/assets/products/FIEDb2zR/lg-27gx700a-b/spd-large.jpg?format=auto,spd_images/monitors/lg-27gx700a-b_spd.jpg,https://i.rtings.com/assets/products/FIEDb2zR/lg-27gx700a-b/spd-small.jpg?format=auto,0.4,0.4 ms,9.9,2026-03-30T14:24:29.531116+00:00,https://i.rtings.com/assets/products/vZTVDcx1/lg-27gx700a-b/design-small.jpg?format=auto,15807
82807,LG 27GX790A-B,LG,lg-27gx790a-b,https://www.rtings.com/monitor/reviews/lg/27gx790a-b,238,v2.1.2,2024-12-30 00:00:00 -0500,2026-03-17 13:18:49 -0400,2025-02-25 15:20:17 -0500,"27"" (27GX790A-B)",1,OLED,No Backlight,2560 x 1440,480,6.7,8.4,9.0,8.6,7.1,9.2,16:9,27,"27""",10.0,0.2,0.2 ms,9.9,36.5,36.5%,8.1,814,814 cd/m²,8.6,1255,"1,255 cd/m²",9.2,1.9,1.9 ms,9.5,No,Inf,Inf : 1,10.0,480 Hz,9.5,WOLED,108.7855393,109 PPI,7.2,71.03,71.0%,5.7,98.1,98.1%,9.7,https://i.rtings.com/assets/products/KXnuvcrq/lg-27gx790a-b/spd-large.jpg?format=auto,spd_images/monitors/lg-27gx790a-b_spd.jpg,https://i.rtings.com/assets/products/KXnuvcrq/lg-27gx790a-b/spd-small.jpg?format=auto,0.4,0.4 ms,9.9,2026-03-30T14:24:29.531116+00:00,https://i.rtings.com/assets/products/woVShorI/lg-27gx790a-b/design-small.jpg?format=auto,12207
127454,LG 27GX790B-B,LG,lg-27gx790b-b,https://www.rtings.com/monitor/reviews/lg/27gx790b-b,238,v2.1.2,2026-02-03 00:00:00 -0500,2026-03-18 15:24:04 -0400,2026-02-25 08:37:40 -0500,"27"" (27GX790B-B)",1,OLED,No Backlight,2560 x 1440,540,7.5,9.1,9.1,8.7,7.5,9.4,16:9,26.5,"27""",10.0,0.3,0.3 ms,9.9,42.6,42.6%,8.6,760,760 cd/m²,8.4,1317,"1,317 cd/m²",9.2,1.7,1.7 ms,9.5,No,Inf,Inf : 1,10.0,540 Hz,9.6,WOLED,110.8380966,111 PPI,7.2,79.44,79.4%,6.7,99.71,99.7%,10.0,https://i.rtings.com/assets/products/ESmsdL7x/lg-27gx790b-b/spd-large.jpg?format=auto,spd_images/monitors/lg-27gx790b-b_spd.jpg,https://i.rtings.com/assets/products/ESmsdL7x/lg-27gx790b-b/spd-small.jpg?format=auto,0.5,0.5 ms,9.9,2026-03-30T14:24:29.531116+00:00,https://i.rtings.com/assets/products/r7se67Wa/lg-27gx790b-b/design-small.jpg?format=auto,16203
40717,LG 32GR93U-B,LG,lg-32gr93u-b,https://www.rtings.com/monitor/reviews/lg/32gr93u-b,238,v2.1.2,2023-08-01 00:00:00 -0400,2026-03-17 13:18:49 -0400,2023-10-12 10:57:26 -0400,"32"" (32GR93U-B)",1,LCD,Edge,3840 x 2160,144,7.5,8.9,8.2,7.8,8.1,7.3,16:9,32,"32""",10.0,5.5,5.5 ms,7.3,33.7,33.7%,7.9,500,500 cd/m²,7.2,499,499 cd/m²,7.2,4.0,4.0 ms,9.0,No,1316,"1,316 : 1",6.5,144 Hz,8.3,IPS,137.6816981,138 PPI,8.0,73.4,73.4%,5.9,98.12,98.1%,9.7,https://i.rtings.com/assets/products/FJ7db6nZ/lg-32gr93u-b/spd-large.jpg?format=auto,spd_images/monitors/lg-32gr93u-b_spd.jpg,https://i.rtings.com/assets/products/FJ7db6nZ/lg-32gr93u-b/spd-small.jpg?format=auto,5.7,5.7 ms,8.7,2026-03-30T14:24:29.531116+00:00,https://i.rtings.com/assets/products/yX59BGoQ/lg-32gr93u-b/design-small.jpg?format=auto,8974
49551,LG 32GS95UE-B,LG,lg-32gs95ue-b,https://www.rtings.com/monitor/reviews/lg/32gs95ue-b,238,v2.1.2,2024-04-15 00:00:00 -0400,2026-03-17 13:18:49 -0400,2024-07-15 09:45:12 -0400,"32"" (32GS95UE-B)",1,OLED,No Backlight,3840 x 2160,240,7.0,7.7,9.2,8.7,8.2,9.2,16:9,31.46,"31""",10.0,0.3,0.3 ms,9.9,34.8,34.8%,8.0,723,723 cd/m²,8.3,1193,"1,193 cd/m²",9.2,2.9,2.9 ms,9.2,No,Inf,Inf : 1,10.0,240 Hz,9.0,WOLED,140.0449568,140 PPI,8.1,69.64,69.6%,5.5,96.87,96.9%,9.5,https://i.rtings.com/assets/products/LqHt63bz/lg-32gs95ue-b/spd-large.jpg?format=auto,spd_images/monitors/lg-32gs95ue-b_spd.jpg,https://i.rtings.com/assets/products/LqHt63bz/lg-32gs95ue-b/spd-small.jpg?format=auto,0.3,0.3 ms,9.9,2026-03-30T14:24:29.531116+00:00,https://i.rtings.com/assets/products/ZEJJcoVy/lg-32gs95ue-b/design-small.jpg?format=auto,10904
56054,LG 34GS95QE-B,LG,lg-34gs95qe-b,https://www.rtings.com/monitor/reviews/lg/34gs95qe-b,238,v2.1.2,2024-03-19 00:00:00 -0400,2026-03-17 13:18:49 -0400,2024-05-06 10:42:45 -0400,"34"" (34GS95QE-B); 34"" (34GS95QE-W)",2,OLED,No Backlight,3440 x 1440,240,6.9,9.0,8.9,8.8,7.2,9.0,21:9,34,"34""",10.0,0.2,0.2 ms,9.9,32.5,32.5%,7.7,588,588 cd/m²,7.7,577,577 cd/m²,7.6,2.9,2.9 ms,9.2,No,Inf,Inf : 1,10.0,240 Hz,9.0,WOLED,109.6834073,110 PPI,7.2,69.98,70.0%,5.5,96.88,96.9%,9.5,https://i.rtings.com/assets/products/POLD2RAw/lg-34gs95qe-b/spd-large.jpg?format=auto,spd_images/monitors/lg-34gs95qe-b_spd.jpg,https://i.rtings.com/assets/products/POLD2RAw/lg-34gs95qe-b/spd-small.jpg?format=auto,0.2,0.2 ms,9.9,2026-03-30T14:24:29.531116+00:00,https://i.rtings.com/assets/products/l1gRLpBX/lg-34gs95qe-b/design-small.jpg?format=auto,10552
83695,LG 45GX950A-B,LG,lg-45gx950a-b,https://www.rtings.com/monitor/reviews/lg/45gx950a-b,238,v2.1.2,2025-03-28 00:00:00 -0400,2026-03-17 13:18:49 -0400,2025-05-07 14:46:31 -0400,"45"" (45GX950A-B)",1,OLED,No Backlight,5120 x 2160,165,7.4,9.1,9.3,9.1,7.7,9.1,21:9,44.5,"45""",10.0,0.6,0.6 ms,9.8,36.9,36.9%,8.2,765,765 cd/m²,8.5,1306,"1,306 cd/m²",9.2,3.7,3.7 ms,9.1,No,Inf,Inf : 1,10.0,165 Hz,8.5,WOLED,124.875901,125 PPI,7.7,70.94,70.9%,5.6,97.73,97.7%,9.6,https://i.rtings.com/assets/products/j1SdDvxH/lg-45gx950a-b/spd-large.jpg?format=auto,spd_images/monitors/lg-45gx950a-b_spd.jpg,https://i.rtings.com/assets/products/j1SdDvxH/lg-45gx950a-b/spd-small.jpg?format=auto,0.6,0.6 ms,9.8,2026-03-30T14:24:29.531116+00:00,https://i.rtings.com/assets/products/PmpdEp3r/lg-45gx950a-b/design-small.jpg?format=auto,12577
113604,LG C5 42 OLED,LG,lg-c5-42-oled,https://www.rtings.com/monitor/reviews/lg/c5-42-oled,238,v2.1.2,2025-04-01 00:00:00 -0400,2026-03-17 13:18:49 -0400,2025-10-17 11:20:42 -0400,"42"" (OLED42C5PUA)",1,OLED,No Backlight,3840 x 2160,120,7.5,8.8,9.3,8.7,6.5,8.8,16:9,42,"42""",10.0,0.3,0.3 ms,9.9,34.4,34.4%,7.9,780,780 cd/m²,8.5,781,781 cd/m²,8.5,4.6,4.6 ms,8.9,No,Inf,Inf : 1,10.0,120 Hz,8.0,WOLED,104.9003414,105 PPI,7.0,69.73,69.7%,5.5,96.74,96.7%,9.4,https://i.rtings.com/assets/products/HkT9L9hH/lg-c5-42-oled/spd-large.jpg?format=auto,spd_images/monitors/lg-c5-42-oled_spd.jpg,https://i.rtings.com/assets/products/HkT9L9hH/lg-c5-42-oled/spd-small.jpg?format=auto,1.3,1.3 ms,9.7,2026-03-30T14:24:29.531116+00:00,https://i.rtings.com/assets/products/GVECns5t/lg-c5-42-oled/design-small.jpg?format=auto,15430
47131,MSI MPG 271QRX QD-OLED,MSI,msi-mpg-271qrx-qd-oled,https://www.rtings.com/monitor/reviews/msi/mpg-271qrx-qd-oled,238,v2.1.2,2024-03-01 00:00:00 -0500,2026-03-17 13:18:49 -0400,2024-04-12 12:51:08 -0400,"27"" (MPG 271QRX QD-OLED)",1,OLED,No Backlight,2560 x 1440,360,7.0,8.7,9.1,8.8,7.1,9.2,16:9,27,"27""",10.0,0.3,0.3 ms,9.9,48.8,48.8%,9.0,476,476 cd/m²,7.1,1045,"1,045 cd/m²",9.0,1.9,1.9 ms,9.5,No,Inf,Inf : 1,10.0,360 Hz,9.3,QD-OLED,108.7855393,109 PPI,7.2,80.35,80.4%,6.8,99.22,99.2%,9.9,https://i.rtings.com/assets/products/KD3dD7cq/msi-mpg-271qrx-qd-oled/spd-large.jpg?format=auto,spd_images/monitors/msi-mpg-271qrx-qd-oled_spd.jpg,https://i.rtings.com/assets/products/KD3dD7cq/msi-mpg-271qrx-qd-oled/spd-small.jpg?format=auto,0.3,0.3 ms,9.9,2026-03-30T14:24:29.531116+00:00,https://i.rtings.com/assets/products/C8pZ0JS4/msi-mpg-271qrx-qd-oled/design-small.jpg?format=auto,10441
88032,MSI MPG 272URX QD-OLED,MSI,msi-mpg-272urx-qd-oled,https://www.rtings.com/monitor/reviews/msi/mpg-272urx-qd-oled,238,v2.1.2,2025-02-12 00:00:00 -0500,2026-03-17 13:18:49 -0400,2025-09-05 10:41:33 -0400,"27"" (MPG 272URX QD-OLED)",1,OLED,No Backlight,3840 x 2160,240,6.8,9.2,9.3,9.2,7.9,9.1,16:9,26.5,"27""",10.0,0.3,0.3 ms,9.9,44.2,44.2%,8.7,461,461 cd/m²,7.0,1013,"1,013 cd/m²",9.0,2.7,2.7 ms,9.3,No,Inf,Inf : 1,10.0,240 Hz,9.0,QD-OLED,166.2571449,166 PPI,8.6,74.78,74.8%,6.1,99.74,99.7%,10.0,https://i.rtings.com/assets/products/hus9cbGp/msi-mpg-272urx-qd-oled/spd-large.jpg?format=auto,spd_images/monitors/msi-mpg-272urx-qd-oled_spd.jpg,https://i.rtings.com/assets/products/hus9cbGp/msi-mpg-272urx-qd-oled/spd-small.jpg?format=auto,0.4,0.4 ms,9.9,2026-03-30T14:24:29.531116+00:00,https://i.rtings.com/assets/products/TNrCOHNJ/msi-mpg-272urx-qd-oled/design-small.jpg?format=auto,14760
101013,MSI MPG 274URDFW E16M,MSI,msi-mpg-274urdfw-e16m,https://www.rtings.com/monitor/reviews/msi/mpg-274urdfw-e16m,238,v2.1.2,2025-10-13 00:00:00 -0400,2026-03-17 13:18:49 -0400,2025-12-15 14:55:49 -0500,"27"" (MPG 274URDFW E16M)",1,LCD,Full-Array,3840 x 2160,160,8.8,8.2,8.5,7.7,8.5,7.7,16:9,27,"27""",10.0,4.4,4.4 ms,8.2,47.6,47.6%,8.9,1562,"1,562 cd/m²",9.3,1134,"1,134 cd/m²",9.1,3.7,3.7 ms,9.1,Yes,970,970 : 1,5.9,160 Hz,8.5,IPS,163.1783089,163 PPI,8.6,80.89,80.9%,6.9,95.47,95.5%,9.2,https://i.rtings.com/assets/products/IcraZdZ9/msi-mpg-274urdfw-e16m/spd-large.jpg?format=auto,spd_images/monitors/msi-mpg-274urdfw-e16m_spd.jpg,https://i.rtings.com/assets/products/IcraZdZ9/msi-mpg-274urdfw-e16m/spd-small.jpg?format=auto,7.5,7.5 ms,8.4,2026-03-30T14:24:29.531116+00:00,https://i.rtings.com/assets/products/fWdxkZ6m/msi-mpg-274urdfw-e16m/design-small.jpg?format=auto,15884
47132,MSI MPG 321URX QD-OLED,MSI,msi-mpg-321urx-qd-oled,https://www.rtings.com/monitor/reviews/msi/mpg-321urx-qd-oled,238,v2.1.2,2024-03-01 00:00:00 -0500,2026-03-17 13:18:49 -0400,2024-07-26 15:35:05 -0400,"32"" (MPG 321URX QD-OLED); 32"" (MPG 321URXW QD-OLED)",2,OLED,No Backlight,3840 x 2160,240,6.8,8.9,9.4,9.1,7.5,9.1,16:9,31.5,"32""",10.0,0.3,0.3 ms,9.9,46.7,46.7%,8.9,469,469 cd/m²,7.1,1025,"1,025 cd/m²",9.0,2.8,2.8 ms,9.3,No,Inf,Inf : 1,10.0,240 Hz,9.0,QD-OLED,139.8671219,140 PPI,8.1,78.68,78.7%,6.6,98.59,98.6%,9.8,https://i.rtings.com/assets/products/M1Zcpqfn/msi-mpg-321urx-qd-oled/spd-large.jpg?format=auto,spd_images/monitors/msi-mpg-321urx-qd-oled_spd.jpg,https://i.rtings.com/assets/products/M1Zcpqfn/msi-mpg-321urx-qd-oled/spd-small.jpg?format=auto,0.3,0.3 ms,9.9,2026-03-30T14:24:29.531116+00:00,https://i.rtings.com/assets/products/2aeDz60O/msi-mpg-321urx-qd-oled/design-small.jpg?format=auto,10992
84697,MSI MPG 322URX QD-OLED,MSI,msi-mpg-322urx-qd-oled,https://www.rtings.com/monitor/reviews/msi/mpg-322urx-qd-oled,238,v2.1.2,2025-01-16 00:00:00 -0500,2026-03-17 13:18:49 -0400,2025-03-03 08:59:35 -0500,"32"" (MPG 322URX QD-OLED)",1,OLED,No Backlight,3840 x 2160,240,6.7,9.1,9.3,9.1,7.5,9.0,16:9,31.5,"32""",10.0,0.5,0.5 ms,9.8,46.8,46.8%,8.9,470,470 cd/m²,7.1,1036,"1,036 cd/m²",9.0,2.7,2.7 ms,9.3,No,Inf,Inf : 1,10.0,240 Hz,9.0,QD-OLED,139.8671219,140 PPI,8.1,78.24,78.2%,6.6,98.98,99.0%,9.8,https://i.rtings.com/assets/products/YUGQmb75/msi-mpg-322urx-qd-oled/spd-large.jpg?format=auto,spd_images/monitors/msi-mpg-322urx-qd-oled_spd.jpg,https://i.rtings.com/assets/products/YUGQmb75/msi-mpg-322urx-qd-oled/spd-small.jpg?format=auto,0.5,0.5 ms,9.9,2026-03-30T14:24:29.531116+00:00,https://i.rtings.com/assets/products/fo4yivlT/msi-mpg-322urx-qd-oled/design-small.jpg?format=auto,12213
64783,MSI MPG 341CQPX QD-OLED,MSI,msi-mpg-341cqpx-qd-oled,https://www.rtings.com/monitor/reviews/msi/mpg-341cqpx-qd-oled,238,v2.1.2,2024-06-17 00:00:00 -0400,2026-03-17 13:18:49 -0400,2024-11-19 12:09:14 -0500,"34"" (MPG 341CQPX QD-OLED)",1,OLED,No Backlight,3440 x 1440,240,6.8,8.6,9.1,8.8,7.0,9.1,21:9,34.18,"34""",10.0,0.2,0.2 ms,9.9,48.7,48.7%,9.0,483,483 cd/m²,7.2,1043,"1,043 cd/m²",9.0,2.8,2.8 ms,9.3,No,Inf,Inf : 1,10.0,240 Hz,9.0,QD-OLED,109.1057884,109 PPI,7.2,80.13,80.1%,6.8,99.09,99.1%,9.8,https://i.rtings.com/assets/products/fEAdh2fq/msi-mpg-341cqpx-qd-oled/spd-large.jpg?format=auto,spd_images/monitors/msi-mpg-341cqpx-qd-oled_spd.jpg,https://i.rtings.com/assets/products/fEAdh2fq/msi-mpg-341cqpx-qd-oled/spd-small.jpg?format=auto,0.4,0.4 ms,9.9,2026-03-30T14:24:29.531116+00:00,https://i.rtings.com/assets/products/0IaIOA09/msi-mpg-341cqpx-qd-oled/design-small.jpg?format=auto,11812
60445,Samsung Odyssey G50D S27DG50,Samsung,samsung-odyssey-g50d-s27dg50,https://www.rtings.com/monitor/reviews/samsung/odyssey-g5-g50d-s27dg50,238,v2.1.2,2024-04-12 00:00:00 -0400,2026-03-17 13:18:49 -0400,2024-09-26 10:16:30 -0400,"27"" (LS27DG500ENXZA )",1,LCD,Edge,2560 x 1440,180,7.5,8.3,6.6,7.3,7.8,7.1,16:9,27,"27""",10.0,6.9,6.9 ms,6.6,26.9,26.9%,7.2,431,431 cd/m²,6.9,431,431 cd/m²,6.9,4.8,4.8 ms,8.9,Yes,1221,"1,221 : 1",6.3,180 Hz,8.7,IPS,108.7855393,109 PPI,7.2,60.69,60.7%,4.6,84.05,84.1%,7.4,https://i.rtings.com/assets/products/Jp9fcxG4/samsung-odyssey-g5-g50d-s27dg50/spd-large.jpg?format=auto,spd_images/monitors/samsung-odyssey-g50d-s27dg50_spd.jpg,https://i.rtings.com/assets/products/Jp9fcxG4/samsung-odyssey-g5-g50d-s27dg50/spd-small.jpg?format=auto,7.3,7.3 ms,8.4,2026-03-30T14:24:29.531116+00:00,https://i.rtings.com/assets/products/iWxkHsK5/samsung-odyssey-g5-g50d-s27dg50/design-small.jpg?format=auto,11430
33691,Samsung Odyssey Neo G7 S32BG75,Samsung,samsung-odyssey-neo-g7-s32bg75,https://www.rtings.com/monitor/reviews/samsung/odyssey-neo-g7-s32bg75,238,v2.1.2,2022-06-05 20:00:01 -0400,2026-03-17 13:18:49 -0400,2022-07-29 10:22:19 -0400,"32"" (Odyssey Neo G7 S32BG75)",1,LCD,Full-Array,3840 x 2160,165,7.6,7.9,8.7,7.9,8.3,7.9,16:9,32,"32""",10.0,3.5,3.5 ms,8.7,37.2,37.2%,8.2,1101,"1,101 cd/m²",9.1,795,795 cd/m²,8.6,4,4.0 ms,9.0,Yes,3326,"3,326 : 1",8.1,165 Hz,8.5,VA,137.6816981,138 PPI,8.0,67.89,67.9%,5.3,89.91,89.9%,8.3,https://i.rtings.com/assets/products/B5CbjrNK/samsung-odyssey-neo-g7-s32bg75/spd-large.jpg?format=auto,spd_images/monitors/samsung-odyssey-neo-g7-s32bg75_spd.jpg,https://i.rtings.com/assets/products/B5CbjrNK/samsung-odyssey-neo-g7-s32bg75/spd-small.jpg?format=auto,6.2,6.2 ms,8.6,2026-03-30T14:24:29.531116+00:00,https://i.rtings.com/assets/products/nTJuwimy/samsung-odyssey-neo-g7-s32bg75/design-small.jpg?format=auto,6841
33710,Samsung Odyssey Neo G8 S32BG85,Samsung,samsung-odyssey-neo-g8-s32bg85,https://www.rtings.com/monitor/reviews/samsung/odyssey-neo-g8-s32bg85,238,v2.1.2,2022-07-08 00:00:00 -0400,2026-03-17 13:18:49 -0400,2022-08-04 11:12:29 -0400,"32"" (LS32BG852NNXGO)",1,LCD,Full-Array,3840 x 2160,240,7.7,8.8,8.7,8.2,8.5,8.2,16:9,32,"32""",10.0,2.8,2.8 ms,9.0,37.5,37.5%,8.2,1124,"1,124 cd/m²",9.1,824,824 cd/m²,8.7,2.8,2.8 ms,9.3,Yes,3593,"3,593 : 1",8.2,240 Hz,9.0,VA,137.6816981,138 PPI,8.0,67.9,67.9%,5.3,89.82,89.8%,8.3,https://i.rtings.com/assets/products/GZnOnhOl/samsung-odyssey-neo-g8-s32bg85/spd-large.jpg?format=auto,spd_images/monitors/samsung-odyssey-neo-g8-s32bg85_spd.jpg,https://i.rtings.com/assets/products/GZnOnhOl/samsung-odyssey-neo-g8-s32bg85/spd-small.jpg?format=auto,4.7,4.7 ms,8.9,2026-03-30T14:24:29.531116+00:00,https://i.rtings.com/assets/products/yJiseRa7/samsung-odyssey-neo-g8-s32bg85/design-small.jpg?format=auto,6864
37854,Samsung Odyssey Neo G9/G95NC S57CG95,Samsung,samsung-odyssey-neo-g9-g95nc-s57cg95,https://www.rtings.com/monitor/reviews/samsung/odyssey-neo-g9-g95nc-s57cg95,238,v2.1.2,2023-10-02 00:00:00 -0400,2026-03-17 13:18:49 -0400,2023-11-20 13:22:38 -0500,"57"" (LS57CG952NNXZA)",1,LCD,Full-Array,7680 x 2160,240,8.6,8.1,8.8,7.8,8.5,8.1,32:9,57,"57""",10.0,2.5,2.5 ms,9.1,33.5,33.5%,7.8,1291,"1,291 cd/m²",9.2,1014,"1,014 cd/m²",9.0,2.9,2.9 ms,9.2,Yes,2842,"2,842 : 1",7.8,240 Hz,9.0,VA,139.9643801,140 PPI,8.1,66.64,66.6%,5.2,88.83,88.8%,8.1,https://i.rtings.com/assets/products/V8CUHnL8/samsung-odyssey-neo-g9-g95nc-s57cg95/spd-large.jpg?format=auto,spd_images/monitors/samsung-odyssey-neo-g9-g95nc-s57cg95_spd.jpg,https://i.rtings.com/assets/products/V8CUHnL8/samsung-odyssey-neo-g9-g95nc-s57cg95/spd-small.jpg?format=auto,4.5,4.5 ms,8.9,2026-03-30T14:24:29.531116+00:00,https://i.rtings.com/assets/products/6E5B8xdk/samsung-odyssey-neo-g9-g95nc-s57cg95/design-small.jpg?format=auto,9467
63129,Samsung Odyssey OLED G60SD S27DG602S,Samsung,samsung-odyssey-oled-g60sd-s27dg602s,https://www.rtings.com/monitor/reviews/samsung/odyssey-oled-g6-g60sd-s27dg60,238,v2.1.2,2024-06-10 00:00:00 -0400,2026-03-17 13:18:49 -0400,2024-07-24 09:17:15 -0400,"27"" (LS27DG602SNXZA)",1,OLED,No Backlight,2560 x 1440,360,6.9,9.1,7.7,9.0,7.4,9.2,16:9,26.7,"27""",10.0,1,1.0 ms,9.7,47.5,47.5%,8.9,474,474 cd/m²,7.1,1008,"1,008 cd/m²",9.0,1.889,1.9 ms,9.5,No,Inf,Inf : 1,10.0,360 Hz,9.3,QD-OLED,110.0078487,110 PPI,7.2,79.61,79.6%,6.7,99.08,99.1%,9.8,https://i.rtings.com/assets/products/CS1Apazh/samsung-odyssey-oled-g6-g60sd-s27dg60/spd-large.jpg?format=auto,spd_images/monitors/samsung-odyssey-oled-g60sd-s27dg602s_spd.jpg,https://i.rtings.com/assets/products/CS1Apazh/samsung-odyssey-oled-g6-g60sd-s27dg60/spd-small.jpg?format=auto,1,1.0 ms,9.7,2026-03-30T14:24:29.531116+00:00,https://i.rtings.com/assets/products/EVeSarqn/samsung-odyssey-oled-g6-g60sd-s27dg60/design-small.jpg?format=auto,10918
63127,Samsung Odyssey OLED G80SD S32DG80,Samsung,samsung-odyssey-oled-g80sd-s32dg80,https://www.rtings.com/monitor/reviews/samsung/odyssey-oled-g8-g80sd-s32dg80,238,v2.1.2,2024-06-26 00:00:00 -0400,2026-03-17 13:18:49 -0400,2024-07-18 14:13:43 -0400,"32"" (LS32DG802SNXZA ); 32"" (LS32DG800SNXZA)",2,OLED,No Backlight,3840 x 2160,240,6.8,8.3,9.4,9.0,8.2,9.1,16:9,31.6,"32""",10.0,0.3,0.3 ms,9.9,45,45.0%,8.8,576,576 cd/m²,7.6,986,986 cd/m²,9.0,3.7,3.7 ms,9.1,No,Inf,Inf : 1,10.0,240 Hz,9.0,QD-OLED,139.4245044,139 PPI,8.1,78.68,78.7%,6.6,98.48,98.5%,9.7,https://i.rtings.com/assets/products/t70yezBU/samsung-odyssey-oled-g8-g80sd-s32dg80/spd-large.jpg?format=auto,spd_images/monitors/samsung-odyssey-oled-g80sd-s32dg80_spd.jpg,https://i.rtings.com/assets/products/t70yezBU/samsung-odyssey-oled-g8-g80sd-s32dg80/spd-small.jpg?format=auto,0.3,0.3 ms,9.9,2026-03-30T14:24:29.531116+00:00,https://i.rtings.com/assets/products/BR7hVWOK/samsung-odyssey-oled-g8-g80sd-s32dg80/design-small.jpg?format=auto,10920
88033,Samsung Odyssey OLED G81SF S27FG810S,Samsung,samsung-odyssey-oled-g81sf-s27fg810s,https://www.rtings.com/monitor/reviews/samsung/odyssey-oled-g81sf-s27fg810s,238,v2.1.2,2025-04-22 00:00:00 -0400,2026-03-17 13:18:49 -0400,2025-07-11 09:18:01 -0400,"27"" (S27FG810S)",1,OLED,No Backlight,3840 x 2160,240,6.8,9.0,9.4,9.2,8.4,9.1,16:9,26.6,"27""",10.0,0.4,0.4 ms,9.9,45.9,45.9%,8.8,467,467 cd/m²,7.1,1021,"1,021 cd/m²",9.0,2.7,2.7 ms,9.3,No,Inf,Inf : 1,10.0,240 Hz,9.0,QD-OLED,165.6321181,166 PPI,8.6,77.61,77.6%,6.5,99.36,99.4%,9.9,https://i.rtings.com/assets/products/LxJpOMyb/samsung-odyssey-oled-g81sf-s27fg810s/spd-large.jpg?format=auto,spd_images/monitors/samsung-odyssey-oled-g81sf-s27fg810s_spd.jpg,https://i.rtings.com/assets/products/LxJpOMyb/samsung-odyssey-oled-g81sf-s27fg810s/spd-small.jpg?format=auto,0.6,0.6 ms,9.8,2026-03-30T14:24:29.531116+00:00,https://i.rtings.com/assets/products/nS1pyI3r/samsung-odyssey-oled-g81sf-s27fg810s/design-small.jpg?format=auto,14138
37853,Samsung Odyssey OLED G9/G95SC S49CG95,Samsung,samsung-odyssey-oled-g9-g95sc-s49cg95,https://www.rtings.com/monitor/reviews/samsung/odyssey-oled-g9-g95sc-s49cg95,238,v2.1.2,2023-06-26 00:00:00 -0400,2026-03-17 13:18:49 -0400,2023-08-04 10:40:09 -0400,"49"" (LS49CG954SNXZA)",1,OLED,No Backlight,5120 x 1440,240,6.8,8.7,8.2,8.9,6.9,9.1,32:9,49,"49""",10.0,.5,0.5 ms,9.8,46.9,46.9%,8.9,465,465 cd/m²,7.1,1002,"1,002 cd/m²",9.0,3.8,3.8 ms,9.0,No,Inf,Inf : 1,10.0,240 Hz,9.0,QD-OLED,108.543805,109 PPI,7.1,82.69,82.7%,7.2,99.46,99.5%,9.9,https://i.rtings.com/assets/products/NLmL7his/samsung-odyssey-oled-g9-g95sc-s49cg95/spd-large.jpg?format=auto,spd_images/monitors/samsung-odyssey-oled-g9-g95sc-s49cg95_spd.jpg,https://i.rtings.com/assets/products/NLmL7his/samsung-odyssey-oled-g9-g95sc-s49cg95/spd-small.jpg?format=auto,.5,0.5 ms,9.9,2026-03-30T14:24:29.531116+00:00,https://i.rtings.com/assets/products/juqbbyEi/samsung-odyssey-oled-g9-g95sc-s49cg95/design-small.jpg?format=auto,8656
