product_id,fullname,brand,url_part,review_url,test_bench_version,released_at,first_published_at,last_updated_at,sizes_available,display_type,backlight_type_v2,dimming_zone_count,color_architecture,qd_present,qd_material,spd_verified,marketing_label,panel_type,backlight_type_rtings,spd_classification,spd_confidence,blue_peak_nm,blue_fwhm_nm,green_peak_nm,green_fwhm_nm,red_peak_nm,red_fwhm_nm,mixed_usage,home_theater,gaming,sports,bright_room,color_score,brightness_score,black_level_score,contrast_ratio_score,native_contrast_score,sdr_dci_p3_coverage_pct,sdr_bt2020_coverage_pct,hdr_bt2020_coverage_itp_pct,sdr_real_scene_peak_nits,sdr_peak_10pct_nits,sdr_peak_2pct_nits,hdr_peak_100pct_nits,hdr_peak_50pct_nits,hdr_peak_25pct_nits,hdr_peak_10pct_nits,hdr_peak_2pct_nits,native_contrast,contrast_ratio,first_response_time_ms,total_response_time_ms,input_lag_1080p_ms,input_lag_4k_ms,native_refresh_rate,vrr_support,hdmi_forum_vrr,hdmi_ports,hdmi_21_speed,resolution,ground_truth_tech,ground_truth_qd_type,match_status,scraped_at,spd_image,spd_image_local
82692,Amazon Fire TV Omni Mini-LED Series,Amazon,amazon-fire-tv-omni-mini-led-series,https://www.rtings.com/tv/reviews/amazon/fire-tv-omni-mini-led-series,v2.0.1,2024-11-13 19:00:01 -0500,2025-03-31 10:39:31 -0400,2025-08-18 10:51:54 -0400,"55"" (ML55F700); 65"" (ML65F700); 75"" (ML75F700); 85"" (ML85F700)",LCD,Direct-lit,768,KSF,No,,Yes,,LCD,Full-Array,KSF,high,445.9,15.8,533.2,40.6,632.0,9.1,7.6,7.8,7.6,7.5,7.5,7.1,7.9,8.5,8.3,7.8,85.99,58.24,36.7,630.6598511,812,556,729,1111,1683,1404,974,6200.0,132467.0,8.3,10.7,5.1,5.1,144Hz,Yes,Yes,"4 (2x HDMI 2.0, 2x HDMI 2.1)",48 Gbps,4k,KSF,,MATCH,2026-02-19T08:19:41.003292+00:00,https://i.rtings.com/assets/products/NPl1fm9e/amazon-fire-tv-omni-mini-led-series/spd-large.jpg?format=auto,spd_images/amazon-fire-tv-omni-mini-led-series_spd.jpg
117447,Hisense 100U8QG,Hisense,hisense-100u8qg,https://www.rtings.com/tv/reviews/hisense/100u8qg,v2.0.1,2025-05-01 00:00:00 -0400,2025-11-12 11:07:22 -0500,2025-11-25 17:30:50 -0500,"100"" (100U8QG)",LCD,Direct-lit,5376,Pseudo QD,No,,Yes,ULED,LCD,Full-Array,KSF,medium,446.6,15.0,533.4,45.1,632.0,9.0,8.3,8.4,8.0,8.2,8.4,7.6,9.0,8.9,9.7,7.5,88.61,62.14,49.3,864.1564331,3847,4901,763,1382,2593,3916,4983,5562.0,297450.0,8.2,9.5,3.3,4.4,165Hz,Yes,Yes,3 (3x HDMI 2.1),48 Gbps,4k,QD-LCD,CdSe,MISMATCH,2026-02-19T08:19:41.003292+00:00,https://i.rtings.com/assets/products/eh6yvAjK/hisense-100u8qg/spd-large.jpg?format=auto,spd_images/hisense-100u8qg_spd.jpg
61045,Hisense 75U8N,Hisense,hisense-75u8n,https://www.rtings.com/tv/reviews/hisense/75u8n,v2.0.1,2024-04-01 00:00:00 -0400,2024-08-21 10:20:13 -0400,2025-05-08 10:57:38 -0400,"75"" (75U8N)",LCD,Direct-lit,2000,QD-LCD,Yes,CdSe,Yes,ULED,LCD,Full-Array,QD-LCD,high,447.8,16.1,536.4,24.8,625.9,21.0,7.9,7.8,7.9,8.4,8.5,8.3,8.7,7.3,8.0,4.9,98.16,70.28,51.4,935.0,2816,1965,885,1400,2431,2923,2041,1643.0,110600.0,8.0,8.1,3.1,4.6,144Hz,Yes,Yes,"4 (2x HDMI 2.0, 2x HDMI 2.1)",48 Gbps,4k,QD-LCD,CdSe,MATCH,2026-02-19T08:19:41.003292+00:00,https://i.rtings.com/assets/products/ToHPHeJJ/hisense-75u8n/spd-large.jpg?format=auto,spd_images/hisense-75u8n_spd.jpg
102827,Hisense 98QD5QG,Hisense,hisense-98qd5qg,https://www.rtings.com/tv/reviews/hisense/98qd5qg,v2.0.1,2025-05-31 20:00:01 -0400,2025-11-21 16:03:08 -0500,2025-11-25 17:35:32 -0500,"98"" (98QD5QG)",LCD,Direct-lit,,Pseudo QD,No,,Yes,QLED,LCD,Direct,KSF,medium,446.3,15.6,534.5,42.8,632.0,9.1,5.6,5.0,5.8,6.7,6.6,7.2,5.3,1.9,0.8,4.0,89.66,64.57,26.8,333.2558899,367,369,414,414,414,414,413,977.0,977.0,14.7,14.7,3.0,4.5,144Hz,Yes,Yes,"4 (2x HDMI 2.0, 2x HDMI 2.1)",48 Gbps,4k,,,NO_GT,2026-02-19T08:19:41.003292+00:00,https://i.rtings.com/assets/products/3G1LW1cr/hisense-98qd5qg/spd-large.jpg?format=auto,spd_images/hisense-98qd5qg_spd.jpg
57713,Hisense A7N,Hisense,hisense-a7n,https://www.rtings.com/tv/reviews/hisense/a7n-a7-a75n,v2.1,2024-04-01 00:00:00 -0400,2024-09-12 14:40:22 -0400,2026-02-05 13:42:42 -0500,"43"" (43A7N); 50"" (50A7N); 55"" (55A7N); 65"" (65A7N); 75"" (75A7N); 85"" (85A7N)",LCD,Direct-lit,,Pseudo QD,No,,Yes,QLED,LCD,Direct,KSF,medium,444.5,15.8,534.4,41.5,632.0,9.1,6.0,5.8,5.9,6.2,6.4,7.2,5.2,4.4,3.9,7.2,87.87,61.65,27.8,320.3305359,342,342,350,351,352,352,354,4791.0,4791.0,10.0,10.6,10.8,10.8,60Hz,Yes,Yes,4 (4x HDMI 2.0),No HDMI 2.1,4k,,,NO_GT,2026-02-19T08:19:41.003292+00:00,https://i.rtings.com/assets/products/cmE1GJxF/hisense-a7n-a7-a75n/spd-large.jpg?format=auto,spd_images/hisense-a7n_spd.jpg
63953,Hisense CanvasTV 2024,Hisense,hisense-canvastv-2024,https://www.rtings.com/tv/reviews/hisense/canvastv-qled-2024,v2.1,2024-06-01 00:00:00 -0400,2024-09-25 09:55:12 -0400,2026-02-05 13:42:42 -0500,"55"" (55S75N); 65"" (65S75N); 75"" (75S75N); 85"" (85S75N)",LCD,Edge-lit,,Pseudo QD,No,,Yes,QLED,LCD,Edge,KSF,medium,444.3,15.7,536.3,42.7,632.0,9.1,5.9,5.6,6.0,6.9,6.9,5.9,5.7,4.0,3.3,6.6,84.2,58.74,28.6,436.0,442,441,457,456,456,456,456,3802.0,3802.0,11.3,11.3,4.0,5.4,144Hz,Yes,Yes,"4 (2x HDMI 2.0, 2x HDMI 2.1)",48 Gbps,4k,Pseudo QD,,MISMATCH,2026-02-19T08:19:41.003292+00:00,https://i.rtings.com/assets/products/lTCxeaxK/hisense-canvastv-qled-2024/spd-large.jpg?format=auto,spd_images/hisense-canvastv-2024_spd.jpg
96128,Hisense QD6QF,Hisense,hisense-qd6qf,https://www.rtings.com/tv/reviews/hisense/qd6qf,v2.1,2025-04-20 00:00:00 -0400,2025-09-12 10:44:54 -0400,2026-01-20 15:40:05 -0500,"43"" (43QD6QF); 50"" (50QD6QF); 55"" (55QD6QF); 65"" (65QD6QF); 75"" (75QD6QF); 85"" (85QD6QF); 100"" (100QD6QF)",LCD,Direct-lit,,Pseudo QD,No,,Yes,QLED,LCD,Direct,KSF,medium,447.8,16.1,533.6,42.4,632.0,9.0,6.0,5.8,6.2,6.0,6.3,6.8,5.6,4.9,4.5,7.8,80.75,56.48,26.7,293.4034729,386,385,378,377,378,377,377,6235.0,6235.0,10.0,13.3,10.2,10.2,60Hz,Yes,Yes,4 (4x HDMI 2.0),No HDMI 2.1,4k,,,NO_GT,2026-02-19T08:19:41.003292+00:00,https://i.rtings.com/assets/products/5pdLPSF7/hisense-qd6qf/spd-large.jpg?format=auto,spd_images/hisense-qd6qf_spd.jpg
63102,Hisense QD7N,Hisense,hisense-qd7n,https://www.rtings.com/tv/reviews/hisense/qd7n-qd7-qd75n-qled,v2.1,2024-06-01 00:00:00 -0400,2024-10-03 10:22:40 -0400,2026-02-05 13:42:31 -0500,"65"" (65QD7N); 75"" (75QD7N); 85"" (85QD7N); 100"" (100QD7N)",LCD,Direct-lit,,Pseudo QD,No,,Yes,QLED,LCD,Direct,KSF,medium,447.7,16.9,533.8,42.4,632.0,9.1,5.7,5.3,5.8,6.8,6.7,7.1,5.9,2.6,1.2,4.6,90.72,61.11,27.6,386.0,439,439,440,439,439,440,438,1419.0,1419.0,10.4,10.4,4.3,4.4,144Hz,Yes,Yes,"4 (2x HDMI 2.0, 2x HDMI 2.1)",48 Gbps,4k,,,NO_GT,2026-02-19T08:19:41.003292+00:00,https://i.rtings.com/assets/products/aqZuSmIs/hisense-qd7n-qd7-qd75n-qled/spd-large.jpg?format=auto,spd_images/hisense-qd7n_spd.jpg
96119,Hisense QD7QF,Hisense,hisense-qd7qf,https://www.rtings.com/tv/reviews/hisense/qd7qf,v2.1,2025-04-07 00:00:00 -0400,2025-09-09 14:52:03 -0400,2026-01-20 15:40:12 -0500,"50"" (50QD7QF); 55"" (55QD7QF); 65"" (65QD7QF); 75"" (75QD7QF); 85"" (85QD7QF); 100"" (100QD7QF)",LCD,Direct-lit,160,Pseudo QD,No,,Yes,QLED,LCD,Full-Array,KSF,medium,447.7,16.4,535.7,42.2,632.0,9.0,6.8,6.9,6.7,6.6,6.8,7.3,6.0,7.2,8.1,7.7,86.79,60.92,30.2,370.0,519,414,403,510,594,551,437,5891.0,115657.0,9.1,13.7,10.3,10.1,60Hz,Yes,Yes,4 (4x HDMI 2.0),No HDMI 2.1,4k,,,NO_GT,2026-02-19T08:19:41.003292+00:00,https://i.rtings.com/assets/products/tklKFP33/hisense-qd7qf/spd-large.jpg?format=auto,spd_images/hisense-qd7qf_spd.jpg
96118,Hisense U65QF,Hisense,hisense-u65qf,https://www.rtings.com/tv/reviews/hisense/u65qf,v2.1,2025-04-11 00:00:00 -0400,2025-06-20 10:14:16 -0400,2026-01-20 15:40:06 -0500,"55"" (55U65QF); 65"" (65U65QF); 75"" (75U65QF); 85"" (85U65QF); 100"" (100U65QF)",LCD,Direct-lit,300,Pseudo QD,No,,Yes,QLED,LCD,Full-Array,KSF,medium,448.1,15.9,528.1,41.4,632.0,9.1,7.2,7.2,7.4,7.6,7.6,7.5,7.3,7.1,7.6,7.4,87.96,60.87,34.3,559.0,880,572,496,629,866,887,649,5305.0,86978.0,6.7,9.9,4.8,4.9,144Hz,Yes,Yes,"4 (2x HDMI 2.0, 2x HDMI 2.1)",48 Gbps,4k,Pseudo QD,,MISMATCH,2026-02-19T08:19:41.003292+00:00,https://i.rtings.com/assets/products/o89x6Q96/hisense-u65qf/spd-large.jpg?format=auto,spd_images/hisense-u65qf_spd.jpg
50404,Hisense U6N,Hisense,hisense-u6n,https://www.rtings.com/tv/reviews/hisense/u6-u6n,v2.1,2024-04-01 00:00:00 -0400,2024-07-25 11:37:26 -0400,2026-02-05 13:42:37 -0500,"55"" (55U6N); 65"" (65U6N); 75"" (75U6N); 85"" (85U6N)",LCD,Direct-lit,240,Pseudo QD,No,,Yes,QLED,LCD,Full-Array,KSF,medium,445.9,16.9,534.7,42.1,632.0,9.1,6.8,6.9,6.7,6.7,7.0,6.7,6.2,7.8,6.8,8.0,87.75,61.73,27.9,421.9844666,519,328,442,565,629,534,340,6616.0,50362.0,10.3,13.1,6.5,10.8,60Hz,Yes,Yes,4 (4x HDMI 2.0),No HDMI 2.1,4k,Pseudo QD,,MISMATCH,2026-02-19T08:19:41.003292+00:00,https://i.rtings.com/assets/products/YmnCqlA4/hisense-u6-u6n/spd-large.jpg?format=auto,spd_images/hisense-u6n_spd.jpg
96104,Hisense U75QG,Hisense,hisense-u75qg,https://www.rtings.com/tv/reviews/hisense/u75qg,v2.1,2025-04-07 00:00:00 -0400,2025-06-13 12:04:05 -0400,2026-01-20 15:40:03 -0500,"55"" (55U75QG); 65"" (65U75QG); 75"" (75U75QG); 85"" (85U75QG); 100"" (100U75QG)",LCD,Direct-lit,1800,Pseudo QD,No,,Yes,QLED,LCD,Full-Array,KSF,medium,451.8,15.7,534.3,42.8,632.0,9.0,8.0,8.0,7.8,8.0,8.4,7.9,8.9,8.1,8.4,7.0,88.99,63.03,47.2,818.7307739,2790,2555,757,1268,2085,2925,2564,4522.0,137533.0,14.0,14.0,3.1,4.3,165Hz,Yes,Yes,4 (4x HDMI 2.1),48 Gbps,4k,Pseudo QD,,MISMATCH,2026-02-19T08:19:41.003292+00:00,https://i.rtings.com/assets/products/ZGwLvDp2/hisense-u75qg/spd-large.jpg?format=auto,spd_images/hisense-u75qg_spd.jpg
50405,Hisense U7N,Hisense,hisense-u7n,https://www.rtings.com/tv/reviews/hisense/u7n-u7-u75n,v2.1,2024-04-01 00:00:00 -0400,2024-06-07 10:53:51 -0400,2026-02-05 13:42:29 -0500,"55"" (55U7N); 65"" (65U7N); 75"" (75U7N); 85"" (85U7N)",LCD,Direct-lit,384,Pseudo QD,No,,Yes,QLED,LCD,Full-Array,KSF,medium,446.3,16.1,530.2,41.8,631.9,9.0,7.5,7.5,7.5,7.8,8.0,7.4,8.0,7.2,7.2,7.0,91.13,65.39,37.0,629.9241333,983,656,712,935,1302,1158,714,4426.0,63092.0,12.4,12.4,4.1,5.1,144Hz,Yes,Yes,"4 (2x HDMI 2.0, 2x HDMI 2.1)",48 Gbps,4k,Pseudo QD,,MISMATCH,2026-02-19T08:19:41.003292+00:00,https://i.rtings.com/assets/products/LfVSZyFc/hisense-u7n-u7-u75n/spd-large.jpg?format=auto,spd_images/hisense-u7n_spd.jpg
50406,Hisense U8N,Hisense,hisense-u8n,https://www.rtings.com/tv/reviews/hisense/u8-u8n,v2.1,2024-04-01 00:00:00 -0400,2024-05-27 11:16:22 -0400,2026-02-05 13:42:32 -0500,"55"" (55U8N); 65"" (65U8N); 75"" (75U8N); 85"" (85U8N); 100"" (100U8N)",LCD,Direct-lit,1600,QD-LCD,Yes,CdSe,Yes,ULED,LCD,Full-Array,QD-LCD,high,448.0,16.2,542.2,24.8,630.5,18.8,8.3,8.4,8.2,8.2,8.5,8.0,9.2,8.9,9.6,8.1,93.2,69.4,51.9,886.6,3188,2147,912,1492,2792,3691,2595,6969.0,277100.0,9.4,9.4,4.1,5.3,144Hz,Yes,Yes,"4 (2x HDMI 2.0, 2x HDMI 2.1)",48 Gbps,4k,QD-LCD,CdSe,MATCH,2026-02-19T08:19:41.003292+00:00,https://i.rtings.com/assets/products/snkE6d7W/hisense-u8-u8n/spd-large.jpg?format=auto,spd_images/hisense-u8n_spd.jpg
96125,Hisense U8QG,Hisense,hisense-u8qg,https://www.rtings.com/tv/reviews/hisense/u8qg,v2.1,2025-04-07 00:00:00 -0400,2025-05-23 09:54:14 -0400,2025-11-12 13:37:28 -0500,"55"" (55U8QG); 65"" (65U8QG); 75"" (75U8QG); 85"" (85U8QG); 100"" (100U8QG)",LCD,Direct-lit,2048,QD-LCD,Yes,CdSe,Yes,ULED,LCD,Full-Array,QD-LCD,high,445.9,15.9,540.3,25.4,629.7,18.8,8.4,8.5,8.3,8.3,8.7,8.4,9.2,8.7,10.0,8.3,94.7,70.92,56.1,943.829,4183,5514,867,1503,2554,4380,5552,7363.0,459067.0,9.0,9.0,3.1,4.4,165Hz,Yes,Yes,3 (3x HDMI 2.1),48 Gbps,4k,QD-LCD,CdSe,MATCH,2026-02-19T08:19:41.003292+00:00,https://i.rtings.com/assets/products/IJb2X5l7/hisense-u8qg/spd-large.jpg?format=auto,spd_images/hisense-u8qg_spd.jpg
59962,Hisense U9N,Hisense,hisense-u9n,https://www.rtings.com/tv/reviews/hisense/u9n,v2.0.1,2024-08-01 00:00:00 -0400,2025-01-23 15:20:50 -0500,2025-05-08 10:57:38 -0400,"75"" (75U9N); 85"" (85U9N)",LCD,Direct-lit,2924,QD-LCD,Yes,CdSe,Yes,ULED,LCD,Full-Array,QD-LCD,high,448.1,15.9,536.2,24.9,630.7,19.7,8.3,8.4,8.0,8.2,8.4,8.5,8.8,8.5,9.8,4.9,98.63,76.54,54.4,711.9664917,3095,4396,661,1101,1918,3164,4596,1634.0,344300.0,8.9,11.6,7.5,6.2,144Hz,Yes,Yes,"4 (2x HDMI 2.0, 2x HDMI 2.1)",48 Gbps,4k,QD-LCD,CdSe,MATCH,2026-02-19T08:19:41.003292+00:00,https://i.rtings.com/assets/products/fz1PJF52/hisense-u9n/spd-large.jpg?format=auto,spd_images/hisense-u9n_spd.jpg
49540,LG B4 OLED,LG,lg-b4-oled,https://www.rtings.com/tv/reviews/lg/b4-oled,v2.1,2024-03-01 00:00:00 -0500,2024-05-07 14:53:43 -0400,2026-02-05 13:42:36 -0500,"48"" (OLED48B4AUA); 55"" (OLED55B4AUA); 65"" (OLED65B4AUA); 77"" (OLED77B4AUA); 83"" (OLED83B4AUA)",OLED,,,WOLED,No,,Yes,OLED,OLED,No Backlight,WOLED,high,455.3,22.4,555.2,60.0,,,8.1,8.3,8.5,7.4,6.9,8.1,6.8,10.0,10.0,10.0,94.07,63.23,34.2,398.3,433,425,147,328,509,675,685,inf,inf,0.3,2.9,5.8,5.5,120Hz,Yes,Yes,4 (4x HDMI 2.1),48 Gbps,4k,WOLED,,MATCH,2026-02-19T08:19:41.003292+00:00,https://i.rtings.com/assets/products/O0tqgwkm/lg-b4-oled/spd-large.jpg?format=auto,spd_images/lg-b4-oled_spd.jpg
88603,LG B5 OLED,LG,lg-b5-oled,https://www.rtings.com/tv/reviews/lg/b5-oled,v2.1,2025-04-28 00:00:00 -0400,2025-07-25 11:17:04 -0400,2026-01-20 15:40:15 -0500,"48"" (OLED48B5PUA); 55"" (OLED55B5PUA); 65"" (OLED65B5PUA); 77"" (OLED77B5PUA); 83"" (OLED83B5PUA)",OLED,,,WOLED,No,,Yes,OLED,OLED,No Backlight,WOLED,high,455.3,22.5,549.4,56.9,,,8.2,8.4,8.5,7.1,6.7,8.3,7.0,10.0,10.0,10.0,98.3,71.16,34.6,303.3897095,439,426,165,368,565,847,852,inf,inf,0.5,4.2,5.4,5.4,120Hz,Yes,Yes,4 (4x HDMI 2.1),48 Gbps,4k,,,NO_GT,2026-02-19T08:19:41.003292+00:00,https://i.rtings.com/assets/products/cvwRHKE7/lg-b5-oled/spd-large.jpg?format=auto,spd_images/lg-b5-oled_spd.jpg
49541,LG C4 OLED,LG,lg-c4-oled,https://www.rtings.com/tv/reviews/lg/c4-oled,v2.1,2024-03-11 00:00:00 -0400,2024-05-02 10:42:21 -0400,2026-02-05 13:42:33 -0500,"42"" (OLED42C4PUA); 48"" (OLED48C4PUA); 55"" (OLED55C4PUA); 65"" (OLED65C4PUA); 77"" (OLED77C4PUA); 83"" (OLED83C4PUA)",OLED,,,WOLED,No,,Yes,OLED,OLED,No Backlight,WOLED,high,455.9,22.2,556.3,59.7,,,8.3,8.5,8.6,7.4,6.9,8.1,7.3,10.0,10.0,10.0,93.69,62.82,36.2,411.2981873,425,427,194,331,614,932,950,inf,inf,0.4,3.9,4.6,4.6,144Hz,Yes,Yes,4 (4x HDMI 2.1),48 Gbps,4k,WOLED,,MATCH,2026-02-19T08:19:41.003292+00:00,https://i.rtings.com/assets/products/7iKeqJW5/lg-c4-oled/spd-large.jpg?format=auto,spd_images/lg-c4-oled_spd.jpg
88602,LG C5 OLED,LG,lg-c5-oled,https://www.rtings.com/tv/reviews/lg/c5-oled,v2.1,2025-04-01 00:00:00 -0400,2025-05-13 13:06:00 -0400,2026-01-20 15:40:16 -0500,"42"" (OLED42C5PUA); 48"" (OLED48C5PUA); 55"" (OLED55C5PUA); 65"" (OLED65C5PUA); 77"" (OLED77C5PUA); 83"" (OLED83C5PUA)",OLED,,,WOLED,No,,Yes,OLED,OLED,No Backlight,WOLED,high,455.4,22.5,550.8,56.9,,,8.6,8.8,8.9,8.2,7.7,8.3,8.3,10.0,10.0,10.0,97.95,68.82,40.0,591.7976685,622,623,219,458,714,1075,1296,inf,inf,0.5,2.4,4.5,4.5,144Hz,Yes,Yes,4 (4x HDMI 2.1),48 Gbps,4k,WOLED,,MATCH,2026-02-19T08:19:41.003292+00:00,https://i.rtings.com/assets/products/XR56xDRI/lg-c5-oled/spd-large.jpg?format=auto,spd_images/lg-c5-oled_spd.jpg
49542,LG G4 OLED,LG,lg-g4-oled,https://www.rtings.com/tv/reviews/lg/g4-oled,v2.1,2024-03-11 00:00:00 -0400,2024-04-25 16:16:38 -0400,2026-02-05 13:42:29 -0500,"55"" (OLED55G4SUB); 65"" (OLED65G4SUB); 77"" (OLED77G4WUA); 83"" (OLED83G4WUA); 97"" (OLED97G4WUA)",OLED,,,WOLED,No,,Yes,OLED evo,OLED,No Backlight,WOLED,high,455.1,24.2,558.3,90.9,,,8.6,8.7,8.9,8.1,7.7,8.2,8.3,10.0,10.0,10.0,91.18,61.27,39.7,513.4,596,611,226,468,701,1459,1550,inf,inf,0.6,3.5,4.6,4.6,144Hz,Yes,Yes,4 (4x HDMI 2.1),48 Gbps,4k,WOLED,,MATCH,2026-02-19T08:19:41.003292+00:00,https://i.rtings.com/assets/products/Cef7qKUE/lg-g4-oled/spd-large.jpg?format=auto,spd_images/lg-g4-oled_spd.jpg
88601,LG G5 OLED,LG,lg-g5-oled,https://www.rtings.com/tv/reviews/lg/g5-oled,v2.1,2025-04-01 00:00:00 -0400,2025-05-07 15:22:41 -0400,2025-10-21 10:11:36 -0400,"55"" (OLED55G5WUA); 65"" (OLED65G5WUA); 77"" (OLED77G5WUA); 83"" (OLED83G5WUA); 97"" (OLED97G5WUA)",OLED,,,WOLED,No,,Yes,OLED evo,OLED,No Backlight,WOLED,high,451.8,21.4,534.3,28.7,625.8,31.7,9.0,9.0,9.1,8.8,8.7,8.9,8.9,10.0,10.0,10.0,99.8,78.5,53.4,796.0,1002,1040,400,711,1097,2446,2416,inf,inf,0.9,4.1,4.0,4.0,165Hz,Yes,Yes,4 (4x HDMI 2.1),48 Gbps,4k,WOLED,,MATCH,2026-02-19T08:19:41.003292+00:00,https://i.rtings.com/assets/products/Ad9414el/lg-g5-oled/spd-large.jpg?format=auto,spd_images/lg-g5-oled_spd.jpg
92233,LG QNED85A,LG,lg-qned85a,https://www.rtings.com/tv/reviews/lg/qned85a,v2.1,2025-05-05 00:00:00 -0400,2025-12-18 08:29:51 -0500,2026-02-05 13:42:22 -0500,"50"" (50QNED85AUA); 55"" (55QNED85AUA); 65"" (65QNED85AUA); 75"" (75QNED85AUA); 86"" (86QNED85AUA); 100"" (100QNED85AUA)",LCD,Edge-lit,6,Pseudo QD,No,,Yes,QNED,LCD,Edge,KSF,medium,448.8,15.5,537.8,41.8,632.0,9.3,6.1,5.9,6.1,6.4,6.3,6.5,6.3,4.1,4.0,7.2,85.19,62.53,24.9,378.2253418,391,391,495,495,496,497,354,4909.0,4909.0,17.7,17.7,5.5,5.7,144Hz,Yes,Yes,4 (4x HDMI 2.1),48 Gbps,4k,,,NO_GT,2026-02-19T08:19:41.003292+00:00,https://i.rtings.com/assets/products/zhr64b45/lg-qned85a/spd-large.jpg?format=auto,spd_images/lg-qned85a_spd.jpg
55174,LG QNED90T,LG,lg-qned90t,https://www.rtings.com/tv/reviews/lg/qned90t,v2.0.1,2024-03-01 00:00:00 -0500,2024-08-13 14:13:21 -0400,2025-10-07 15:54:38 -0400,"65"" (65QNED90TUA); 75"" (75QNED90TUA); 86"" (86QNED90TUA)",LCD,Direct-lit,160,QD-LCD,Yes,InP,Yes,QNED,LCD,Full-Array,QD-LCD,medium,446.1,17.1,536.6,34.7,626.8,41.2,7.3,7.5,6.6,7.5,7.6,7.6,7.5,7.7,8.1,7.5,87.7,60.45,39.6,549.6,1101,954,640,750,1055,1084,1267,5392.0,114686.0,9.2,9.7,5.9,5.8,120Hz,Yes,Yes,4 (4x HDMI 2.1),48 Gbps,4k,QD-LCD,Cd-Free,MATCH,2026-02-19T08:19:41.003292+00:00,https://i.rtings.com/assets/products/Bot5mYqw/lg-qned90t/spd-large.jpg?format=auto,spd_images/lg-qned90t_spd.jpg
96489,LG QNED92A,LG,lg-qned92a,https://www.rtings.com/tv/reviews/lg/qned92a,v2.1,2025-04-14 00:00:00 -0400,2025-10-07 15:46:40 -0400,2026-01-20 15:40:11 -0500,"65"" (65QNED92AUA); 75"" (75QNED92AUA); 85"" (85QNED92AUA)",LCD,Direct-lit,476,QD-LCD,Yes,InP,Yes,QNED,LCD,Full-Array,QD-LCD,high,449.1,17.8,539.1,35.9,630.7,34.2,7.6,7.8,7.4,7.5,7.5,7.2,7.7,8.3,9.6,7.5,87.81,66.54,34.1,592.5379028,820,378,667,934,1336,1308,818,5506.0,281267.0,9.1,9.8,4.7,4.9,144Hz,Yes,Yes,4 (4x HDMI 2.1),48 Gbps,4k,,,NO_GT,2026-02-19T08:19:41.003292+00:00,https://i.rtings.com/assets/products/569sULGj/lg-qned92a/spd-large.jpg?format=auto,spd_images/lg-qned92a_spd.jpg
98323,LG UA77,LG,lg-ua77,https://www.rtings.com/tv/reviews/lg/ua77,v2.1,2025-05-04 20:00:01 -0400,2025-10-06 15:03:36 -0400,2026-01-20 15:40:09 -0500,"43"" (43UA7700PUB); 50"" (50UA7700PUB); 55"" (55UA7700PUB); 65"" (65UA7700PUB); 75"" (75UA7700PUA); 85"" (86UA7700PUA)",LCD,Direct-lit,,WLED,No,,Yes,UHD,LCD,Direct,WLED,high,444.3,17.3,526.8,63.4,604.4,31.0,4.9,4.5,5.0,5.7,5.2,5.2,4.7,2.5,0.8,4.0,72.75,49.13,16.0,215.0,248,248,292,293,294,295,215,992.0,992.0,15.0,15.3,9.8,9.5,60Hz,Yes,Yes,3 (3x HDMI 2.0),No HDMI 2.1,4k,,,NO_GT,2026-02-19T08:19:41.003292+00:00,https://i.rtings.com/assets/products/fG2HDpBw/lg-ua77/spd-large.jpg?format=auto,spd_images/lg-ua77_spd.jpg
57721,LG UT75,LG,lg-ut75,https://www.rtings.com/tv/reviews/lg/ut7570-ut75-ut7590,v2.1,2024-04-01 00:00:00 -0400,2024-07-30 09:58:36 -0400,2025-10-21 10:11:36 -0400,"43"" (43UT7590PUA); 50"" (50UT7570PUB); 55"" (55UT7570PUB); 65"" (65UT7570PUB); 70"" (70UT7590PUA); 75"" (75UT7590PUA); 86"" (86UT7590PUA)",LCD,Direct-lit,,WLED,No,,Yes,UHD,LCD,Direct,WLED,high,446.6,18.2,527.0,62.4,604.8,30.3,4.6,4.3,4.3,5.7,5.1,5.3,4.2,2.1,0.8,3.9,69.84,46.6,16.2,200.4524384,238,238,276,276,277,278,203,941.0,941.0,12.7,19.5,10.2,10.2,60Hz,No,No,3 (3x HDMI 2.0),No HDMI 2.1,4k,,,NO_GT,2026-02-19T08:19:41.003292+00:00,https://i.rtings.com/assets/products/QiAkHyhJ/lg-ut7570-ut75-ut7590/spd-large.jpg?format=auto,spd_images/lg-ut75_spd.jpg
88503,Panasonic W70B,Panasonic,panasonic-w70b,https://www.rtings.com/tv/reviews/panasonic/w70b,v2.1,2025-03-19 00:00:00 -0400,2025-08-18 10:46:40 -0400,2026-02-05 13:42:25 -0500,"43"" (43W70BP); 50"" (50W70BP); 55"" (55W70BP); 65"" (65W70BP); 70"" (70W70BP); 75"" (75W70BP); 85"" (85W70BP)",LCD,Direct-lit,,WLED,No,,Yes,,LCD,Direct,WLED,high,447.8,16.3,526.3,57.9,604.1,31.0,5.5,5.5,5.2,5.9,5.6,6.2,4.7,4.6,4.1,7.4,70.36,46.97,20.1,278.0,290,289,285,285,286,286,286,5239.0,5239.0,11.3,11.3,10.1,10.1,60Hz,No,No,4 (4x HDMI 2.0),No HDMI 2.1,4k,,,NO_GT,2026-02-19T08:19:41.003292+00:00,https://i.rtings.com/assets/products/wijvLUSw/panasonic-w70b/spd-large.jpg?format=auto,spd_images/panasonic-w70b_spd.jpg
74025,Panasonic W95A,Panasonic,panasonic-w95a,https://www.rtings.com/tv/reviews/panasonic/w95a,v2.1,2024-09-18 00:00:00 -0400,2024-10-25 10:50:48 -0400,2025-10-21 10:11:36 -0400,"55"" (TV-55W95AP); 65"" (TV-65W95AP); 75"" (TV-75W95AP); 85"" (TV-85W95AP)",LCD,Direct-lit,192,QD-LCD,Yes,InP,Yes,,LCD,Full-Array,QD-LCD,high,448.1,15.0,538.4,23.7,629.8,17.6,7.5,7.6,7.2,7.8,7.8,7.5,7.9,7.6,7.0,7.4,87.47,65.52,47.0,671.6911621,1353,1215,695,904,1400,1505,1301,5267.0,58338.0,7.9,8.4,5.5,5.4,144Hz,Yes,Yes,"4 (2x HDMI 2.0, 2x HDMI 2.1)",48 Gbps,4k,QD-LCD,Cd-Free,MATCH,2026-02-19T08:19:41.003292+00:00,https://i.rtings.com/assets/products/kXj0C7Vm/panasonic-w95a/spd-large.jpg?format=auto,spd_images/panasonic-w95a_spd.jpg
74026,Panasonic Z85A OLED,Panasonic,panasonic-z85a-oled,https://www.rtings.com/tv/reviews/panasonic/z85a-oled,v2.0.1,2024-09-18 00:00:00 -0400,2024-10-16 10:20:02 -0400,2025-09-03 14:46:37 -0400,"55"" (TV-55Z85AP); 65"" (TV-65Z85AP)",OLED,,,WOLED,No,,Yes,OLED,OLED,No Backlight,WOLED,high,454.3,22.0,546.1,58.3,620.1,19.0,8.1,8.4,8.5,7.3,6.7,8.2,6.7,10.0,10.0,10.0,94.57,63.69,36.0,338.7626953,459,454,157,295,524,850,855,inf,inf,0.3,1.3,5.5,5.1,120Hz,Yes,Yes,"4 (2x HDMI 2.0, 2x HDMI 2.1)",48 Gbps,4k,WOLED,,MATCH,2026-02-19T08:19:41.003292+00:00,https://i.rtings.com/assets/products/b3XiUIfb/panasonic-z85a-oled/spd-large.jpg?format=auto,spd_images/panasonic-z85a-oled_spd.jpg
74024,Panasonic Z95A OLED,Panasonic,panasonic-z95a-oled,https://www.rtings.com/tv/reviews/panasonic/z95a-oled,v2.0.1,2024-09-18 00:00:00 -0400,2024-10-16 09:58:18 -0400,2025-09-04 13:40:28 -0400,"65"" (TV-65Z95AP)",OLED,,,WOLED,No,,Yes,OLED,OLED,No Backlight,WOLED,high,454.3,24.5,561.2,74.6,,,8.4,8.6,8.7,8.1,7.6,8.1,7.8,10.0,10.0,10.0,88.99,59.55,41.4,459.1,776,765,222,465,965,1719,1739,inf,inf,0.4,1.5,4.9,4.6,144Hz,Yes,Yes,"4 (2x HDMI 2.0, 2x HDMI 2.1)",48 Gbps,4k,WOLED,,MATCH,2026-02-19T08:19:41.003292+00:00,https://i.rtings.com/assets/products/U5Tu3IPI/panasonic-z95a-oled/spd-large.jpg?format=auto,spd_images/panasonic-z95a-oled_spd.jpg
88502,Panasonic Z95B OLED,Panasonic,panasonic-z95b-oled,https://www.rtings.com/tv/reviews/panasonic/z95b-oled,v2.1,2025-06-18 00:00:00 -0400,2025-09-03 14:43:17 -0400,2026-01-20 15:40:07 -0500,"55"" (TV-55Z95BP); 65"" (TV-65Z95BP); 77"" (TV-77Z95BP)",OLED,,,WOLED,No,,Yes,OLED,OLED,No Backlight,WOLED,high,452.0,21.6,534.1,32.9,625.8,29.8,8.9,8.9,9.2,8.4,8.2,8.8,8.5,10.0,10.0,10.0,98.95,74.28,49.7,513.0,956,960,326,632,1378,2354,2303,inf,inf,0.4,1.1,4.2,4.2,144Hz,Yes,Yes,"4 (2x HDMI 2.0, 2x HDMI 2.1)",48 Gbps,4k,,,NO_GT,2026-02-19T08:19:41.003292+00:00,https://i.rtings.com/assets/products/Ew0cLNUh/panasonic-z95b-oled/spd-large.jpg?format=auto,spd_images/panasonic-z95b-oled_spd.jpg
92761,Philips 974 Series OLED,Philips,philips-974-series-oled,https://www.rtings.com/tv/reviews/philips/974-series-oled,v2.0.1,2025-02-15 00:00:00 -0500,2025-07-08 12:13:11 -0400,2025-07-08 12:13:11 -0400,"65"" (65OLED974/F7)",OLED,,,WOLED,No,,Yes,OLED,OLED,No Backlight,WOLED,high,454.2,22.5,556.2,60.4,,,7.2,7.5,7.9,6.3,6.0,7.5,4.7,10.0,10.0,10.0,92.27,63.12,31.5,221.0,320,315,109,213,334,457,535,inf,inf,1.3,3.1,5.4,5.3,120Hz,Yes,Yes,"4 (2x HDMI 2.0, 2x HDMI 2.1)",48 Gbps,4k,WOLED,,MATCH,2026-02-19T08:19:41.003292+00:00,https://i.rtings.com/assets/products/Gkwhjq1I/philips-974-series-oled/spd-large.jpg?format=auto,spd_images/philips-974-series-oled_spd.jpg
102906,Roku Pro Series 2025,Roku,roku-pro-series-2025,https://www.rtings.com/tv/reviews/roku/pro-series-2025,v2.1,2025-06-16 00:00:00 -0400,2025-12-05 11:50:00 -0500,2026-02-05 13:42:24 -0500,"55"" (55R8C5); 65"" (65R8C5); 75"" (75R8C5)",LCD,Direct-lit,720,QD-LCD,Yes,CdSe,Yes,,LCD,Full-Array,QD-LCD,high,449.4,15.9,538.2,27.9,626.3,25.0,7.4,7.5,7.5,7.7,7.9,7.5,7.8,8.0,7.7,7.7,87.41,65.43,38.8,667.6256714,1498,1088,688,1196,1606,1433,859,6059.0,88289.0,5.4,7.7,5.7,5.9,120Hz,Yes,Yes,"4 (2x HDMI 2.0, 2x HDMI 2.1)",48 Gbps,4k,,,NO_GT,2026-02-19T08:19:41.003292+00:00,https://i.rtings.com/assets/products/pZzb2bGo/roku-pro-series-2025/spd-large.jpg?format=auto,spd_images/roku-pro-series-2025_spd.jpg
37906,Roku Select Series 2023,Roku,roku-select-series-2023,https://www.rtings.com/tv/reviews/roku/select-series,v2.0.1,2023-03-01 00:00:00 -0500,2023-11-24 11:31:19 -0500,2025-05-08 10:57:38 -0400,"24"" (24R2A5R); 32"" (32R2A5R); 40"" (40R2A5R); 43"" (43R4A5R); 50"" (50R4A5R); 55"" (55R4A5R); 65"" (65R4A5R); 75"" (75R4A5R)",LCD,Direct-lit,,WLED,No,,Yes,,LCD,Direct,WLED,high,448.0,17.7,530.4,62.4,606.2,31.2,5.4,5.3,5.1,6.4,6.4,6.1,5.2,4.2,3.8,7.0,69.9,46.98,21.3,408.4,381,386,373,373,374,374,375,4561.0,4561.0,10.5,11.4,11.9,13.1,60Hz,No,No,4 (4x HDMI 2.0),No HDMI 2.1,4k,,,NO_GT,2026-02-19T08:19:41.003292+00:00,https://i.rtings.com/assets/products/KbdHgRxI/roku-select-series/spd-large.jpg?format=auto,spd_images/roku-select-series-2023_spd.jpg
117448,Samsung 100QN80F,Samsung,samsung-100qn80f,https://www.rtings.com/tv/reviews/samsung/100qn80f,v2.0.1,2025-03-26 00:00:00 -0400,2025-11-25 10:04:16 -0500,2025-11-25 17:33:20 -0500,"100"" (QN100QN80FFXZA)",LCD,Direct-lit,140,QD-LCD,Yes,InP,Yes,Neo QLED,LCD,Full-Array,QD-LCD,high,450.9,16.6,540.3,33.0,629.8,36.8,7.4,7.3,7.1,7.8,8.0,7.4,8.4,6.6,5.9,8.2,81.09,55.8,42.2,882.0,1223,1071,702,771,1047,1256,1205,7009.0,23520.0,11.1,13.4,7.4,7.4,144Hz,Yes,Yes,4 (4x HDMI 2.1),48 Gbps,4k,QD-LCD,Cd-Free,MATCH,2026-02-19T08:19:41.003292+00:00,https://i.rtings.com/assets/products/hiiV3pYy/samsung-100qn80f/spd-large.jpg?format=auto,spd_images/samsung-100qn80f_spd.jpg
57180,Samsung DU7200,Samsung,samsung-du7200,https://www.rtings.com/tv/reviews/samsung/du7200-du7200d,v2.0.1,2024-04-01 00:00:00 -0400,2024-11-07 11:08:17 -0500,2025-09-16 10:00:31 -0400,"43"" (UN43DU7200FXZA); 50"" (UN50DU7200FXZA); 55"" (UN55DU7200FXZA); 60"" (UN60DU7200FXZA); 65"" (UN65DU7200FXZA); 70"" (UN70DU7200FXZA); 75"" (UN75DU7200FXZA); 85"" (UN85DU7200FXZA)",LCD,Edge-lit,,WLED,No,,Yes,Crystal UHD,LCD,Edge,WLED,high,448.2,17.0,530.0,63.8,606.9,29.7,5.6,5.5,5.7,5.8,5.7,5.9,4.8,4.8,3.3,6.6,69.71,46.96,20.9,267.2701416,298,167,294,295,296,298,300,3857.0,3857.0,10.1,13.6,11.7,11.4,60Hz,Yes,Yes,3 (3x HDMI 2.0),No HDMI 2.1,4k,WLED,,MATCH,2026-02-19T08:19:41.003292+00:00,https://i.rtings.com/assets/products/L2oXKW7V/samsung-du7200-du7200d/spd-large.jpg?format=auto,spd_images/samsung-du7200_spd.jpg
55354,Samsung DU8000,Samsung,samsung-du8000,https://www.rtings.com/tv/reviews/samsung/du8000,v2.1,2024-03-11 00:00:00 -0400,2024-04-11 09:39:00 -0400,2026-01-20 15:39:57 -0500,"43"" (UN43DU8000FXZA); 43"" (UN43DUX1EAFXZA); 50"" (UN50DU8000FXZA); 50"" (UN50DUX1EAFXZA); 55"" (UN55DU8000FXZA); 65"" (UN65DU8000FXZA); 75"" (UN75DU8000FXZA); 85"" (UN85DU8000FXZA)",LCD,Edge-lit,,KSF,No,,Yes,Crystal UHD,LCD,Edge,KSF,high,446.1,17.9,535.7,41.7,632.0,9.1,5.2,5.1,5.0,5.4,5.6,5.9,4.0,4.5,3.5,6.8,77.38,53.33,20.5,236.1633301,227,227,242,241,241,241,240,4100.0,4100.0,8.5,13.9,11.2,11.2,60Hz,No,No,3 (3x HDMI 2.0),No HDMI 2.1,4k,,,NO_GT,2026-02-19T08:19:41.003292+00:00,https://i.rtings.com/assets/products/BmAG0Iw1/samsung-du8000/spd-large.jpg?format=auto,spd_images/samsung-du8000_spd.jpg
56341,Samsung Q60D,Samsung,samsung-q60d,https://www.rtings.com/tv/reviews/samsung/q60d-q60-q60dd-qled,v2.1,2024-03-10 20:00:01 -0400,2024-05-16 10:02:11 -0400,2026-02-05 13:42:40 -0500,"32"" (QN32Q60DAFXZA); 43"" (QN43Q60DAFXZA); 50"" (QN50Q60DAFXZA); 55"" (QN55Q60DAFXZA); 65"" (QN65Q60DAFXZA); 70"" (QN70Q60DAFXZA); 75"" (QN75Q60DAFXZA); 85"" (QN85Q60DAFXZA)",LCD,Edge-lit,,Pseudo QD,No,,Yes,QLED,LCD,Edge,Pseudo QD,medium,448.5,16.4,540.1,39.5,630.1,42.0,5.8,5.8,5.6,6.3,6.4,6.2,5.7,5.0,4.4,7.7,77.21,52.25,26.6,404.1581421,416,238,420,421,422,423,424,5877.0,5877.0,13.6,14.4,10.4,10.3,60Hz,No,No,3 (3x HDMI 2.0),No HDMI 2.1,4k,,,NO_GT,2026-02-19T08:19:41.003292+00:00,https://i.rtings.com/assets/products/R9XrigG2/samsung-q60d-q60-q60dd-qled/spd-large.jpg?format=auto,spd_images/samsung-q60d_spd.jpg
57710,Samsung Q70D,Samsung,samsung-q70d,https://www.rtings.com/tv/reviews/samsung/q70d-q70-q72d-qled,v2.0.1,2024-04-01 00:00:00 -0400,2024-09-24 11:06:31 -0400,2025-09-24 16:58:58 -0400,"55"" (QN55Q70DAFXZA); 65"" (QN65Q70DAFXZA); 75"" (QN75Q70DAFXZA); 85"" (QN85Q70DAFXZA)",LCD,Edge-lit,,Pseudo QD,No,,Yes,QLED,LCD,Edge,Pseudo QD,medium,449.1,18.3,538.9,39.2,630.0,40.1,6.4,6.0,6.8,7.2,7.3,6.8,6.8,4.4,4.3,7.6,80.04,54.43,28.3,571.3761597,533,308,522,522,524,526,527,5766.0,5766.0,10.0,10.2,6.0,6.0,120Hz,Yes,Yes,4 (4x HDMI 2.1),48 Gbps,4k,,,NO_GT,2026-02-19T08:19:41.003292+00:00,https://i.rtings.com/assets/products/w87JeA5N/samsung-q70d-q70-q72d-qled/spd-large.jpg?format=auto,spd_images/samsung-q70d_spd.jpg
94324,Samsung Q7F 2025,Samsung,samsung-q7f-2025,https://www.rtings.com/tv/reviews/samsung/q7f-2025,v2.1,2025-03-23 20:00:01 -0400,2025-06-26 09:09:59 -0400,2026-02-12 14:16:27 -0500,"43"" (QN43Q7FAAFXZA); 50"" (QN50Q7FAAFXZA); 55"" (QN55Q7FAAFXZA); 65"" (QN65Q7FAAFXZA); 75"" (QN75Q7FAAFXZA); 85"" (QN85Q7FAAFXZA); 98"" (QN98Q7FAAFXZA)",LCD,Direct-lit,,Pseudo QD,No,,Yes,QLED,LCD,Direct,Pseudo QD,medium,447.6,16.5,537.2,40.6,627.5,43.7,5.8,5.8,5.4,5.8,5.8,6.4,4.9,5.4,5.0,8.5,76.71,52.49,23.3,294.3148499,318,188,302,303,305,306,308,7773.0,7773.0,15.8,15.8,9.9,9.8,60Hz,No,No,3 (3x HDMI 2.0),No HDMI 2.1,4k,,,NO_GT,2026-02-19T08:19:41.003292+00:00,https://i.rtings.com/assets/products/6LWaVIbI/samsung-q7f-2025/spd-large.jpg?format=auto,spd_images/samsung-q7f-2025_spd.jpg
57179,Samsung Q80D,Samsung,samsung-q80d,https://www.rtings.com/tv/reviews/samsung/q80d-q80-q80dd-qled,v2.1,2024-04-01 00:00:00 -0400,2024-10-04 10:41:58 -0400,2026-02-05 13:42:41 -0500,"50"" (QN50Q80DAFXZA); 55"" (QN55Q80DAFXZA); 65"" (QN65Q80DAFXZA); 75"" (QN75Q80DAFXZA); 85"" (QN85Q80DAFXZA)",LCD,Direct-lit,96,Pseudo QD,No,,Yes,QLED,LCD,Full-Array,Pseudo QD,medium,451.7,15.8,537.8,40.6,630.0,47.6,7.1,7.0,7.2,7.8,7.9,7.4,7.2,6.3,6.0,7.7,82.43,56.41,35.8,768.664917,935,801,558,621,765,1004,1009,5878.0,25987.0,6.9,8.9,6.2,6.0,120Hz,Yes,Yes,4 (4x HDMI 2.1),48 Gbps,4k,,,NO_GT,2026-02-19T08:19:41.003292+00:00,https://i.rtings.com/assets/products/hc0j0hXZ/samsung-q80d-q80-q80dd-qled/spd-large.jpg?format=auto,spd_images/samsung-q80d_spd.jpg
96964,Samsung Q8F 2025,Samsung,samsung-q8f-2025,https://www.rtings.com/tv/reviews/samsung/q8f-2025,v2.1,2025-05-06 00:00:00 -0400,2025-10-31 10:47:20 -0400,2026-02-05 13:42:21 -0500,"32"" (QN32Q8FAAFXZA); 43"" (QN43Q8FAAFXZA); 50"" (QN50Q8FAAFXZA); 55"" (QN55Q8FAAFXZA); 65"" (QN65Q8FAAFXZA); 75"" (QN75Q8FAAFXZA); 85"" (QN85Q8FAAFXZA)",LCD,Edge-lit,,Pseudo QD,No,,Yes,QLED,LCD,Edge,Pseudo QD,medium,449.3,16.3,539.1,37.9,628.0,42.2,6.0,5.9,6.0,6.3,6.2,6.8,5.1,4.7,4.2,7.5,80.5,54.79,25.5,378.9873962,358,208,360,360,360,360,360,5419.0,5419.0,12.8,13.0,4.4,4.4,144Hz,Yes,Yes,4 (4x HDMI 2.1),48 Gbps,4k,,,NO_GT,2026-02-19T08:19:41.003292+00:00,https://i.rtings.com/assets/products/ElML7zMM/samsung-q8f-2025/spd-large.jpg?format=auto,spd_images/samsung-q8f-2025_spd.jpg
92239,Samsung QN70F,Samsung,samsung-qn70f,https://www.rtings.com/tv/reviews/samsung/qn70f,v2.1,2025-04-08 20:00:01 -0400,2026-02-12 12:25:35 -0500,2026-02-12 12:25:34 -0500,"55"" (QN55QN70FAFXZA); 65"" (QN65QN70FAFXZA); 75"" (QN75QN70FAFXZA); 85"" (QN85QN70FAFXZA)",LCD,Edge-lit,20,QD-LCD,Yes,InP,Yes,Neo QLED,LCD,Edge,QD-LCD,high,446.6,19.4,540.3,33.6,630.2,36.2,6.9,6.7,6.9,7.4,7.6,7.5,7.9,5.1,5.8,7.0,77.99,54.17,35.5,676.0,835,629,621,686,785,840,666,4452.0,18985.0,9.9,11.0,5.8,5.8,144Hz,Yes,Yes,4 (4x HDMI 2.1),48 Gbps,4k,,,NO_GT,2026-02-19T08:19:41.003292+00:00,https://i.rtings.com/assets/products/qL9RYac8/samsung-qn70f/spd-large.jpg?format=auto,spd_images/samsung-qn70f_spd.jpg
92240,Samsung QN80F,Samsung,samsung-qn80f,https://www.rtings.com/tv/reviews/samsung/qn80f,v2.1,2025-03-25 20:00:01 -0400,2025-07-16 09:09:04 -0400,2026-02-12 12:29:47 -0500,"55"" (QN55QN80FAFXZA); 65"" (QN65QN80FAFXZA); 75"" (QN75QN80FAFXZA); 85"" (QN85QN80FAFXZA); 100"" (QN100QN80FFXZA)",LCD,Direct-lit,96,QD-LCD,Yes,InP,Yes,Neo QLED,LCD,Full-Array,QD-LCD,high,450.6,18.2,541.2,33.9,630.3,36.9,7.1,7.1,7.1,7.7,7.6,7.1,7.2,6.9,6.8,8.0,78.34,54.22,37.2,696.0,845,732,561,603,791,930,972,6611.0,47825.0,5.5,12.5,5.3,4.8,144Hz,Yes,Yes,4 (4x HDMI 2.1),48 Gbps,4k,QD-LCD,Cd-Free,MATCH,2026-02-19T08:19:41.003292+00:00,https://i.rtings.com/assets/products/brIIFyp4/samsung-qn80f/spd-large.jpg?format=auto,spd_images/samsung-qn80f_spd.jpg
49719,Samsung QN85D,Samsung,samsung-qn85d,https://www.rtings.com/tv/reviews/samsung/qn85d-qn85dd-qled,v2.1,2024-03-01 00:00:00 -0500,2024-05-14 12:51:44 -0400,2026-02-05 13:42:35 -0500,"55"" (QN55QN85DBFXZA); 65"" (QN65QN85DBFXZA); 75"" (QN75QN85DBFXZA); 85"" (QN85QN85DBFXZA)",LCD,Direct-lit,160,QD-LCD,Yes,InP,Yes,Neo QLED,LCD,Full-Array,QD-LCD,high,447.8,15.4,538.2,34.3,628.6,35.2,7.5,7.5,7.2,7.9,7.9,7.5,8.0,7.3,7.4,7.5,85.15,58.68,36.8,768.0,939,790,604,737,991,970,872,5537.0,72862.0,9.1,9.6,6.4,6.4,120Hz,Yes,Yes,4 (4x HDMI 2.1),48 Gbps,4k,QD-LCD,Cd-Free,MATCH,2026-02-19T08:19:41.003292+00:00,https://i.rtings.com/assets/products/U60Kafag/samsung-qn85d-qn85dd-qled/spd-large.jpg?format=auto,spd_images/samsung-qn85d_spd.jpg
49718,Samsung QN900D 8K,Samsung,samsung-qn900d-8k,https://www.rtings.com/tv/reviews/samsung/qn900d-8k-qled,v2.0.1,2024-03-01 00:00:00 -0500,2024-09-11 09:15:07 -0400,2025-08-29 15:08:34 -0400,"65"" (QN65QN900DFXZA); 75"" (QN75QN900DFXZA); 85"" (QN85QN900DFXZA)",LCD,Direct-lit,1344,QD-LCD,Yes,InP,Yes,Neo QLED,LCD,Full-Array,QD-LCD,high,448.2,16.3,538.8,34.4,630.2,36.9,8.0,8.1,7.7,8.0,8.0,8.0,8.4,8.3,9.6,5.2,87.91,61.84,42.9,572.5,1454,1475,460,730,1214,1467,1459,1989.0,271400.0,9.4,10.1,5.1,5.1,60Hz,Yes,Yes,4 (4x HDMI 2.1),40 Gbps,8k,QD-LCD,Cd-Free,MATCH,2026-02-19T08:19:41.003292+00:00,https://i.rtings.com/assets/products/u1ctA2qw/samsung-qn900d-8k-qled/spd-large.jpg?format=auto,spd_images/samsung-qn900d-8k_spd.jpg
92242,Samsung QN900F 8K,Samsung,samsung-qn900f-8k,https://www.rtings.com/tv/reviews/samsung/qn900f-8k,v2.1,2025-03-26 00:00:00 -0400,2025-08-29 14:57:26 -0400,2026-01-20 15:40:10 -0500,"65"" (QN65QN900FFXZA); 75"" (QN75QN900FFXZA); 85"" (QN85QN900FFXZA)",LCD,Direct-lit,1056,QD-LCD,Yes,InP,Yes,Neo QLED,LCD,Full-Array,QD-LCD,high,449.7,16.7,540.0,34.6,630.6,36.5,7.8,7.7,7.9,8.5,8.8,7.9,8.3,7.5,8.5,5.0,85.46,60.28,43.5,1389.908203,1656,1511,722,1117,1790,1762,1647,1708.0,146686.0,6.6,8.8,5.2,5.4,60Hz,Yes,Yes,4 (4x HDMI 2.1),40 Gbps,8k,,,NO_GT,2026-02-19T08:19:41.003292+00:00,https://i.rtings.com/assets/products/uGfgaXpk/samsung-qn900f-8k/spd-large.jpg?format=auto,spd_images/samsung-qn900f-8k_spd.jpg
49720,Samsung QN90D,Samsung,samsung-qn90d,https://www.rtings.com/tv/reviews/samsung/qn90d-qn90dd-qled,v2.1,2024-03-21 00:00:00 -0400,2024-06-03 11:49:48 -0400,2026-02-05 13:42:33 -0500,"43"" (QN43QN90DAFXZA); 50"" (QN50QN90DAFXZA); 55"" (QN55QN90DAFXZA); 65"" (QN65QN90DAFXZA); 75"" (QN75QN90DAFXZA); 85"" (QN85QN90DAFXZA); 98"" (QN98QN90DAFXZA)",LCD,Direct-lit,720,QD-LCD,Yes,InP,Yes,Neo QLED,LCD,Full-Array,QD-LCD,high,444.0,14.7,540.0,35.3,629.8,35.7,8.1,8.2,7.6,8.4,8.5,7.8,9.1,8.6,9.6,6.3,90.62,64.05,49.4,1315.0,2032,1930,619,894,1510,2087,2158,3404.0,270333.0,8.5,9.2,6.1,6.2,144Hz,Yes,Yes,4 (4x HDMI 2.1),48 Gbps,4k,QD-LCD,Cd-Free,MATCH,2026-02-19T08:19:41.003292+00:00,https://i.rtings.com/assets/products/Rv73curg/samsung-qn90d-qn90dd-qled/spd-large.jpg?format=auto,spd_images/samsung-qn90d_spd.jpg
92241,Samsung QN90F,Samsung,samsung-qn90f,https://www.rtings.com/tv/reviews/samsung/qn90f,v2.1,2025-03-17 00:00:00 -0400,2025-05-02 14:20:36 -0400,2025-10-22 14:48:16 -0400,"43"" (QN43QN90FAFXZA); 50"" (QN50QN90FAFXZA); 55"" (QN55QN90FAFXZA); 65"" (QN65QN90FAFXZA); 75"" (QN75QN90FAFXZA); 85"" (QN85QN90FAFXZA); 98"" (QN98QN90FAFXZA)",LCD,Direct-lit,900,QD-LCD,Yes,InP,Yes,Neo QLED,LCD,Full-Array,QD-LCD,high,444.2,14.1,539.0,34.4,630.1,36.2,8.2,8.1,7.8,8.5,8.7,7.7,9.0,8.3,8.4,7.2,84.67,61.31,49.8,1162.2,1804,1725,674,1055,1950,2075,1873,4854.0,135367.0,7.2,11.6,4.1,3.6,165Hz,Yes,Yes,4 (4x HDMI 2.1),48 Gbps,4k,QD-LCD,Cd-Free,MATCH,2026-02-19T08:19:41.003292+00:00,https://i.rtings.com/assets/products/6auL6G8G/samsung-qn90f/spd-large.jpg?format=auto,spd_images/samsung-qn90f_spd.jpg
57722,Samsung QN95D,Samsung,samsung-qn95d,https://www.rtings.com/tv/reviews/samsung/qn95d,v2.0.1,2024-07-01 00:00:00 -0400,2024-12-13 10:09:26 -0500,2025-09-24 16:59:00 -0400,"65"" (QN65QN95DAFXZA); 75"" (QN75QN95DAFXZA); 85"" (QN85QN95DAFXZA)",LCD,Direct-lit,1344,QD-LCD,Yes,InP,Yes,Neo QLED,LCD,Full-Array,QD-LCD,high,446.3,15.2,540.5,35.8,631.5,35.7,8.1,8.2,7.8,8.4,8.6,7.9,8.8,8.7,9.3,5.7,87.02,61.05,46.5,1370.531006,1716,1418,633,1027,1759,1901,1893,2562.0,224900.0,7.6,7.6,5.1,5.1,144Hz,Yes,Yes,4 (4x HDMI 2.1),48 Gbps,4k,,,NO_GT,2026-02-19T08:19:41.003292+00:00,https://i.rtings.com/assets/products/pn5vCltI/samsung-qn95d/spd-large.jpg?format=auto,spd_images/samsung-qn95d_spd.jpg
88591,Samsung QN990F 8K,Samsung,samsung-qn990f-8k,https://www.rtings.com/tv/reviews/samsung/qn990f-8k,v2.1,2025-04-09 00:00:00 -0400,2025-06-11 09:33:35 -0400,2026-01-20 15:40:08 -0500,"65"" (‎QN65QN990FFXZA); 75"" (QN75QN990FFXZA); 85"" (QN85QN990FFXZA); 98"" (QN98QN990FFXZA)",LCD,Direct-lit,1920,QD-LCD,Yes,InP,Yes,Neo QLED,LCD,Full-Array,QD-LCD,high,449.8,16.7,540.1,33.9,629.2,35.6,7.8,7.8,7.4,8.2,8.3,7.5,8.6,7.8,9.2,4.5,88.65,62.28,50.3,674.0,2222,2105,512,831,1482,2195,2016,1314.0,208100.0,5.5,11.8,19.2,10.9,120Hz,Yes,Yes,"5 (4x HDMI 2.1, 1x Micro HDMI 2.1)",48 Gbps,8k,QD-LCD,Cd-Free,MATCH,2026-02-19T08:19:41.003292+00:00,https://i.rtings.com/assets/products/xtXAurxn/samsung-qn990f-8k/spd-large.jpg?format=auto,spd_images/samsung-qn990f-8k_spd.jpg
49704,Samsung S85D OLED,Samsung,samsung-s85d-oled,https://www.rtings.com/tv/reviews/samsung/s85d-oled,v2.0.1,2024-05-05 20:00:01 -0400,2024-06-28 10:41:41 -0400,2025-05-08 10:57:38 -0400,"55"" (QN55S85DAEXZA); 65"" (QN65S85DAEXZA); 77"" (QN77S85DAEXZA); 83"" (QN83S85DAEXZA)",OLED,,,WOLED,No,,Yes,Samsung OLED,OLED,No Backlight,WOLED,high,454.1,22.3,558.6,64.0,618.3,21.4,7.8,8.0,8.2,7.3,6.8,7.4,6.3,10.0,10.0,10.0,95.22,64.14,33.2,402.0,434,425,144,257,472,643,643,inf,inf,1.0,1.9,5.3,5.3,120Hz,Yes,Yes,4 (4x HDMI 2.1),48 Gbps,4k,WOLED,,MATCH,2026-02-19T08:19:41.003292+00:00,https://i.rtings.com/assets/products/275yvMaD/samsung-s85d-oled/spd-large.jpg?format=auto,spd_images/samsung-s85d-oled_spd.jpg
92236,Samsung S85F OLED,Samsung,samsung-s85f-oled,https://www.rtings.com/tv/reviews/samsung/s85f-oled,v2.1,2025-03-26 00:00:00 -0400,2025-04-29 15:52:46 -0400,2026-01-20 15:40:00 -0500,"55"" (QN55S85FAFXZA); 65"" (QN65S85FAFXZA); 77"" (QN77S85FAFXZA); 83"" (QN83S85FAFXZA)",OLED,,,QD-OLED,Yes,InP,Yes,QD-OLED,OLED,No Backlight,QD-OLED,high,452.2,21.2,532.1,26.4,637.8,37.3,8.2,8.4,8.6,7.6,7.2,8.6,6.6,10.0,10.0,10.0,98.31,80.55,47.3,378.0,509,517,149,281,543,754,758,inf,inf,0.8,1.0,5.2,5.2,120Hz,Yes,Yes,4 (4x HDMI 2.1),48 Gbps,4k,QD-OLED,Cd-Free,MATCH,2026-02-19T08:19:41.003292+00:00,https://i.rtings.com/assets/products/lw18xZKd/samsung-s85f-oled/spd-large.jpg?format=auto,spd_images/samsung-s85f-oled_spd.jpg
49703,Samsung S90D OLED,Samsung,samsung-s90d-oled,https://www.rtings.com/tv/reviews/samsung/s90d-s90dd-oled-qd-oled,v2.1,2024-03-01 00:00:00 -0500,2024-04-18 14:38:48 -0400,2026-02-05 13:42:28 -0500,"42"" (WOLED) (QN42S90DAEXZA); 48"" (WOLED) (QN48S90DAEXZA); 55"" (QD-OLED) (QN55S90DAFXZA); 65"" (QD-OLED) (QN65S90DAFXZA); 77"" (QD-OLED) (QN77S90DAFXZA); 83"" (WOLED) (QN83S90DAEXZA)",OLED,,,QD-OLED,Yes,InP,Yes,QD-OLED,OLED,No Backlight,QD-OLED,high,452.3,21.1,532.0,26.6,638.1,37.2,8.5,8.7,9.0,7.6,7.2,8.9,7.8,10.0,10.0,10.0,99.9,83.4,55.2,381.0,493,496,214,334,640,1193,1199,inf,inf,0.8,1.2,4.7,4.8,144Hz,Yes,Yes,4 (4x HDMI 2.1),48 Gbps,4k,,,NO_GT,2026-02-19T08:19:41.003292+00:00,https://i.rtings.com/assets/products/bQqJWuI9/samsung-s90d-s90dd-oled-qd-oled/spd-large.jpg?format=auto,spd_images/samsung-s90d-oled_spd.jpg
92237,Samsung S90F OLED,Samsung,samsung-s90f-oled,https://www.rtings.com/tv/reviews/samsung/s90f-oled,v2.1,2025-04-09 00:00:00 -0400,2025-06-02 14:07:18 -0400,2026-01-20 15:39:59 -0500,"42"" (‎QN42S90FAEXZA); 48"" (QN48S90FAEXZA); 55"" (QN55S90FAFXZA); 65"" (QN65S90FAFXZA); 77"" (QN77S90FAFXZA); 83"" (QN83S90FAEXZA)",OLED,,,QD-OLED,Yes,InP,Yes,QD-OLED,OLED,No Backlight,QD-OLED,high,452.2,21.2,532.1,26.5,637.8,36.9,8.6,8.8,9.1,8.1,7.6,8.8,8.0,10.0,10.0,10.0,98.11,79.55,58.0,449.0,628,629,258,383,667,1426,1628,inf,inf,0.8,0.8,4.4,4.5,144Hz,Yes,Yes,4 (4x HDMI 2.1),48 Gbps,4k,QD-OLED,Cd-Free,MATCH,2026-02-19T08:19:41.003292+00:00,https://i.rtings.com/assets/products/SvuAG5Uw/samsung-s90f-oled/spd-large.jpg?format=auto,spd_images/samsung-s90f-oled_spd.jpg
49702,Samsung S95D OLED,Samsung,samsung-s95d-oled,https://www.rtings.com/tv/reviews/samsung/s95d-oled,v2.1,2024-03-01 00:00:00 -0500,2024-04-23 08:45:29 -0400,2026-02-05 13:42:39 -0500,"55"" (QN55S95DAFXZA); 65"" (QN65S95DAFXZA); 77"" (QN77S95DAFXZA)",OLED,,,QD-OLED,Yes,InP,Yes,QD-OLED,OLED,No Backlight,QD-OLED,high,452.2,21.2,532.1,26.6,638.2,36.9,8.6,8.7,9.1,8.0,7.7,8.6,8.0,10.0,10.0,10.0,99.82,83.1,59.4,402.6022339,759,761,295,453,800,1635,1650,inf,inf,0.7,0.7,4.7,4.8,144Hz,Yes,Yes,4 (4x HDMI 2.1),40 Gbps,4k,QD-OLED,Cd-Free,MATCH,2026-02-19T08:19:41.003292+00:00,https://i.rtings.com/assets/products/IbIgXFuV/samsung-s95d-oled/spd-large.jpg?format=auto,spd_images/samsung-s95d-oled_spd.jpg
88596,Samsung S95F OLED,Samsung,samsung-s95f-oled,https://www.rtings.com/tv/reviews/samsung/s95f-oled,v2.1,2025-04-09 00:00:00 -0400,2025-05-13 09:19:20 -0400,2026-01-20 09:19:07 -0500,"55"" (QN55S95FAFXZA); 65"" (QN65S95FAFXZA); 77"" (QN77S95FAFXZA); 83"" (QN83S95FAFXZA)",OLED,,,QD-OLED,Yes,InP,Yes,QD-OLED,OLED,No Backlight,QD-OLED,high,456.1,20.9,532.6,26.3,638.3,37.4,8.9,9.0,9.3,8.8,8.8,9.1,8.7,10.0,10.0,10.0,99.95,85.92,63.4,710.0,1052,1060,403,624,1085,2124,2190,inf,inf,0.8,1.0,4.1,4.1,165Hz,Yes,Yes,4 (4x HDMI 2.1),40 Gbps,4k,QD-OLED,Cd-Free,MATCH,2026-02-19T08:19:41.003292+00:00,https://i.rtings.com/assets/products/try1MQNL/samsung-s95f-oled/spd-large.jpg?format=auto,spd_images/samsung-s95f-oled_spd.jpg
56163,Samsung The Frame 2024,Samsung,samsung-the-frame-2024,https://www.rtings.com/tv/reviews/samsung/the-frame-2024-qled,v2.1,2024-03-21 00:00:00 -0400,2024-05-09 08:54:53 -0400,2026-02-05 13:42:34 -0500,"43"" (QN43LS03DAFXZA); 50"" (QN50LS03DAFXZA); 55"" (QN55LS03DAFXZA); 65"" (QN65LS03DAFXZA); 75"" (QN75LS03DAFXZA); 85"" (QN85LS03DAFXZA)",LCD,Edge-lit,,Pseudo QD,No,,Yes,QLED,LCD,Edge,Pseudo QD,medium,449.5,17.3,538.3,39.0,630.6,41.8,6.4,6.0,6.6,7.3,7.5,6.6,6.5,4.5,4.2,7.5,80.86,55.06,28.4,540.3514404,490,287,497,497,498,499,500,5390.0,5390.0,6.1,10.4,6.0,6.1,"120Hz (except 43"", 50"")","Yes (except 43"", 50"") ",Yes,"4 (3x HDMI 2.0, 1x HDMI 2.1)",40 Gbps,4k,Pseudo QD,Cd-Free,MATCH,2026-02-19T08:19:41.003292+00:00,https://i.rtings.com/assets/products/m5H9PjcR/samsung-the-frame-2024-qled/spd-large.jpg?format=auto,spd_images/samsung-the-frame-2024_spd.jpg
88497,Samsung The Frame Pro 2025,Samsung,samsung-the-frame-pro-2025,https://www.rtings.com/tv/reviews/samsung/the-frame-pro-2025,v2.1,2025-04-08 20:00:01 -0400,2025-08-20 10:29:14 -0400,2026-02-05 13:42:26 -0500,"65"" (QN65LS03FWFXZA); 75"" (QN75LS03FWFXZA); 85"" (QN85LS03FWFXZA)",LCD,Edge-lit,24,QD-LCD,Yes,InP,Yes,Neo QLED,LCD,Edge,QD-LCD,high,448.0,16.7,540.3,33.5,630.0,35.9,7.1,6.9,6.4,7.9,8.4,7.4,7.8,5.4,5.7,7.6,87.23,60.98,35.4,672.6644897,862,540,644,820,893,881,540,5679.0,16769.0,14.1,14.3,22.1,22.2,144Hz,Yes,Yes,"5 (4x HDMI 2.1, 1x Micro HDMI 2.1)",48 Gbps,4k,,,NO_GT,2026-02-19T08:19:41.003292+00:00,https://i.rtings.com/assets/products/lD7q9zwg/samsung-the-frame-pro-2025/spd-large.jpg?format=auto,spd_images/samsung-the-frame-pro-2025_spd.jpg
102195,Samsung U7900F,Samsung,samsung-u7900f,https://www.rtings.com/tv/reviews/samsung/u7900f,v2.1,2025-06-01 00:00:00 -0400,2026-01-21 15:43:59 -0500,2026-01-21 15:43:59 -0500,"43"" (UN43U7900FFXZA); 50"" (UN50U7900FFXZA); 55"" (UN55U7900FFXZA); 58"" (UN58U7900FFXZA); 65"" (UN65U7900FFXZA); 70"" (UN70U7900FFXZA); 75"" (UN75U7900FFXZA); 85"" (UN85U7900FFXZA)",LCD,Direct-lit,,WLED,No,,Yes,Crystal UHD,LCD,Direct,WLED,high,449.9,16.9,526.3,58.1,604.9,30.9,5.3,5.2,5.2,5.4,5.2,5.6,3.8,4.8,4.0,7.3,68.33,45.52,17.5,219.3594818,225,119,216,215,215,215,215,5057.0,5057.0,15.7,15.7,11.0,11.0,60Hz,Yes,Yes,2 (2x HDMI 2.0),No HDMI 2.1,4k,,,NO_GT,2026-02-19T08:19:41.003292+00:00,https://i.rtings.com/assets/products/xEyXN4rT/samsung-u7900f/spd-large.jpg?format=auto,spd_images/samsung-u7900f_spd.jpg
94057,Samsung U8000F,Samsung,samsung-u8000f,https://www.rtings.com/tv/reviews/samsung/u8000f,v2.1,2025-03-17 00:00:00 -0400,2025-09-16 09:56:27 -0400,2026-01-21 15:48:35 -0500,"43"" (‎UN43U8000FFXZA); 50"" (UN50U8000FFXZA); 55"" (UN55U8000FFXZA); 58"" (UN58U8000FFXZA); 65"" (UN65U8000FFXZA); 70"" (UN70U8000FFXZA); 75"" (UN75U8000FFXZA); 85"" (UN85U8000FFXZA)",LCD,Direct-lit,,WLED,No,,Yes,Crystal UHD,LCD,Direct,WLED,high,446.1,15.8,529.7,63.5,604.1,23.7,5.7,5.6,5.7,5.6,5.6,6.1,4.6,4.9,4.4,7.7,70.27,47.9,20.4,275.0,283,156,277,277,278,278,278,5925.0,5925.0,12.9,17.8,10.6,10.1,60Hz,Yes,Yes,3 (3x HDMI 2.0),No HDMI 2.1,4k,,,NO_GT,2026-02-19T08:19:41.003292+00:00,https://i.rtings.com/assets/products/dFYU7G5T/samsung-u8000f/spd-large.jpg?format=auto,spd_images/samsung-u8000f_spd.jpg
41473,Sharp AQUOS XLED FV1 ,Sharp,sharp-aquos-xled-fv1,https://www.rtings.com/tv/reviews/sharp/aquos-xled-fv1,v2.0.1,2023-06-01 00:00:00 -0400,2024-03-12 13:20:56 -0400,2025-09-24 16:59:01 -0400,"65"" (4T-C65FV1U); 75"" (4T-C75FV1U)",LCD,Direct-lit,2160,QD-LCD,Yes,CdSe,Yes,XLED,LCD,Full-Array,QD-LCD,high,448.2,14.7,533.5,24.8,638.6,23.7,7.6,7.7,7.6,7.7,8.0,7.2,8.5,8.2,9.1,7.5,86.32,72.91,50.4,684.4228516,1638,1498,529,898,1347,1927,1646,5577.0,198050.0,5.2,11.1,10.1,10.0,120Hz,Yes,Yes,"4 (2x HDMI 2.0, 2x HDMI 2.1)",48 Gbps,4k,,,NO_GT,2026-02-19T08:19:41.003292+00:00,https://i.rtings.com/assets/products/LNMmpiB5/sharp-aquos-xled-fv1/spd-large.jpg?format=auto,spd_images/sharp-aquos-xled-fv1_spd.jpg
39009,Sony A95L OLED,Sony,sony-a95l-oled,https://www.rtings.com/tv/reviews/sony/a95l-oled,v2.1,2023-10-10 00:00:00 -0400,2023-11-08 12:44:32 -0500,2026-01-20 15:40:13 -0500,"55"" (XR-55A95L); 65"" (XR-65A95L); 77"" (XR-77A95L)",OLED,,,QD-OLED,Yes,InP,Yes,QD-OLED,OLED,No Backlight,QD-OLED,high,452.2,20.2,532.3,27.9,639.5,37.1,8.7,8.9,8.8,8.2,7.7,9.0,8.0,10.0,10.0,10.0,99.75,86.16,55.5,507.7,507,510,221,324,562,1146,1440,inf,inf,0.5,1.4,8.2,8.2,120Hz,Yes,Yes,"4 (2x HDMI 2.0, 2x HDMI 2.1)",48 Gbps,4k,QD-OLED,Cd-Free,MATCH,2026-02-19T08:19:41.003292+00:00,https://i.rtings.com/assets/products/zg4hcqfC/sony-a95l-oled/spd-large.jpg?format=auto,spd_images/sony-a95l-oled_spd.jpg
92245,Sony BRAVIA 2 II,Sony,sony-bravia-2-ii,https://www.rtings.com/tv/reviews/sony/bravia-2-ii,v2.1,2025-05-26 00:00:00 -0400,2025-10-22 10:40:03 -0400,2026-02-05 13:42:23 -0500,"43"" (K-43S20M2); 50"" (K-50S20M2); 55"" (K-55S20M2); 65"" (K-65S20M2); 75"" (K-75S20M2)",LCD,Direct-lit,,WLED,No,,Yes,BRAVIA,LCD,Direct,WLED,high,448.1,15.8,528.7,65.0,604.8,34.4,5.1,4.8,4.7,6.3,5.7,6.1,4.7,2.3,1.0,4.3,72.06,47.89,20.2,303.8825684,298,298,300,300,300,300,299,1187.0,1187.0,14.0,15.0,9.0,9.8,60Hz,No,No,4 (4x HDMI 2.0),No HDMI 2.1,4k,,,NO_GT,2026-02-19T08:19:41.003292+00:00,https://i.rtings.com/assets/products/KBgnFACU/sony-bravia-2-ii/spd-large.jpg?format=auto,spd_images/sony-bravia-2-ii_spd.jpg
53323,Sony BRAVIA 3,Sony,sony-bravia-3,https://www.rtings.com/tv/reviews/sony/bravia-3,v2.1,2024-04-28 20:00:01 -0400,2024-08-02 10:46:22 -0400,2026-02-05 13:42:30 -0500,"43"" (K-43S30); 50"" (K-50S30); 55"" (K-55S30); 65"" (K-65S30); 75"" (K-75S30); 85"" (K-85S30)",LCD,Direct-lit,,KSF,No,,Yes,BRAVIA,LCD,Direct,KSF,high,449.2,16.5,536.1,43.5,634.9,9.2,5.7,5.5,5.1,7.0,6.5,7.0,6.0,2.8,1.2,4.5,87.28,60.72,27.0,397.0136108,451,453,469,469,469,469,468,1342.0,1342.0,11.6,15.3,9.9,9.8,60Hz,No,No,4 (4x HDMI 2.0),No HDMI 2.1,4k,KSF,,MATCH,2026-02-19T08:19:41.003292+00:00,https://i.rtings.com/assets/products/v7AdlRNp/sony-bravia-3/spd-large.jpg?format=auto,spd_images/sony-bravia-3_spd.jpg
96722,Sony BRAVIA 5,Sony,sony-bravia-5,https://www.rtings.com/tv/reviews/sony/bravia-5,v2.1,2025-04-21 00:00:00 -0400,2025-06-12 11:25:15 -0400,2026-02-05 13:42:23 -0500,"55"" (K-55XR50); 65"" (K-65XR50); 75"" (K-75XR50); 85"" (K-85XR50); 98"" (K-98XR50)",LCD,Direct-lit,384,KSF,No,,Yes,BRAVIA,LCD,Full-Array,KSF,medium,444.3,16.4,536.0,31.4,632.0,9.0,7.2,7.2,6.7,7.6,7.5,7.4,6.7,6.7,6.9,7.0,90.34,68.15,35.3,563.0,703,651,485,600,816,769,617,4459.0,53587.0,11.3,11.8,5.3,5.3,120Hz,Yes,Yes,"4 (2x HDMI 2.0, 2x HDMI 2.1)",48 Gbps,4k,KSF,,MATCH,2026-02-19T08:19:41.003292+00:00,https://i.rtings.com/assets/products/LzPtJVDp/sony-bravia-5/spd-large.jpg?format=auto,spd_images/sony-bravia-5_spd.jpg
117450,Sony BRAVIA 5 98,Sony,sony-bravia-5-98,https://www.rtings.com/tv/reviews/sony/bravia-5-98,v2.0.1,2025-04-21 00:00:00 -0400,2025-11-05 11:07:57 -0500,2025-11-25 17:22:48 -0500,"98"" (K-98XR50)",LCD,Direct-lit,720,KSF,No,,Yes,BRAVIA,LCD,Full-Array,KSF,medium,444.2,14.6,534.0,30.4,632.0,8.9,7.5,7.5,7.5,8.1,7.9,7.7,7.5,7.0,7.8,6.8,88.52,66.24,39.8,752.0,959,876,686,943,1250,1147,921,4165.0,99225.0,6.0,13.0,5.7,5.5,120Hz,Yes,Yes,"4 (2x HDMI 2.0, 2x HDMI 2.1)",48 Gbps,4k,,,NO_GT,2026-02-19T08:19:41.003292+00:00,https://i.rtings.com/assets/products/lJ6YdQYS/sony-bravia-5-98/spd-large.jpg?format=auto,spd_images/sony-bravia-5-98_spd.jpg
53322,Sony BRAVIA 7,Sony,sony-bravia-7,https://www.rtings.com/tv/reviews/sony/bravia-7-qled,v2.1,2024-04-28 20:00:01 -0400,2024-05-27 09:26:26 -0400,2026-01-20 15:40:06 -0500,"55"" (K-55XR70); 65"" (K-65XR70); 75"" (K-75XR70); 85"" (K-85XR70)",LCD,Direct-lit,480,QD-LCD,Yes,InP,Yes,BRAVIA,LCD,Full-Array,QD-LCD,high,443.9,15.7,536.3,35.7,632.4,35.3,8.2,8.3,7.6,8.3,8.3,8.4,8.9,8.1,8.2,7.2,91.82,71.28,48.9,867.5997314,1821,1728,685,1048,1607,1949,1662,4915.0,120475.0,5.8,10.3,9.7,9.6,120Hz,Yes,Yes,"4 (2x HDMI 2.0, 2x HDMI 2.1)",48 Gbps,4k,QD-LCD,Cd-Free,MATCH,2026-02-19T08:19:41.003292+00:00,https://i.rtings.com/assets/products/UhW4GuDY/sony-bravia-7-qled/spd-large.jpg?format=auto,spd_images/sony-bravia-7_spd.jpg
92248,Sony BRAVIA 8 II OLED,Sony,sony-bravia-8-ii-oled,https://www.rtings.com/tv/reviews/sony/bravia-8-ii-oled,v2.1,2025-04-28 00:00:00 -0400,2025-05-29 13:30:24 -0400,2025-10-21 10:11:36 -0400,"55"" (K-55XR80M2); 65"" (K-65XR80M2)",OLED,,,QD-OLED,Yes,InP,Yes,QD-OLED,OLED,No Backlight,QD-OLED,high,456.1,20.6,532.3,25.8,638.0,36.6,8.6,8.8,8.7,7.8,7.3,8.7,7.9,10.0,10.0,10.0,99.97,86.45,60.3,401.3823853,515,527,245,430,758,1561,1873,inf,inf,0.5,1.4,8.6,8.6,120Hz,Yes,Yes,"4 (2x HDMI 2.0, 2x HDMI 2.1)",48 Gbps,4k,,,NO_GT,2026-02-19T08:19:41.003292+00:00,https://i.rtings.com/assets/products/z5WkYj60/sony-bravia-8-ii-oled/spd-large.jpg?format=auto,spd_images/sony-bravia-8-ii-oled_spd.jpg
58889,Sony BRAVIA 8 OLED,Sony,sony-bravia-8-oled,https://www.rtings.com/tv/reviews/sony/bravia-8-oled,v2.1,2024-05-20 00:00:00 -0400,2024-06-20 09:56:14 -0400,2026-01-20 15:40:04 -0500,"55"" (K-55XR80); 65"" (K-65XR80); 77"" (K-77XR80)",OLED,,,WOLED,No,,Yes,OLED,OLED,No Backlight,WOLED,high,455.9,22.3,554.3,59.5,,,7.9,8.2,8.4,7.4,7.0,7.6,6.7,10.0,10.0,10.0,96.59,69.81,35.3,439.8757935,453,459,156,312,574,790,923,inf,inf,0.5,4.3,5.2,5.1,120Hz,Yes,Yes,"4 (2x HDMI 2.0, 2x HDMI 2.1)",48 Gbps,4k,WOLED,,MATCH,2026-02-19T08:19:41.003292+00:00,https://i.rtings.com/assets/products/6FmffURl/sony-bravia-8-oled/spd-large.jpg?format=auto,spd_images/sony-bravia-8-oled_spd.jpg
53321,Sony BRAVIA 9,Sony,sony-bravia-9,https://www.rtings.com/tv/reviews/sony/bravia-9-qled,v2.1,2024-05-20 00:00:00 -0400,2024-06-14 09:41:05 -0400,2025-10-21 13:42:54 -0400,"65"" (K-65XR90); 75"" (K-75XR90); 85"" (K-85XR90)",LCD,Direct-lit,1512,QD-LCD,Yes,InP,Yes,BRAVIA,LCD,Full-Array,QD-LCD,high,446.1,15.7,537.8,35.8,633.1,34.4,8.4,8.6,7.7,8.5,8.5,8.5,9.0,8.7,9.7,5.8,88.38,67.11,54.4,1005.0,2517,2607,752,1274,2231,2873,2597,2792.0,292950.0,6.4,7.6,9.5,9.8,120Hz,Yes,Yes,"4 (2x HDMI 2.0, 2x HDMI 2.1)",48 Gbps,4k,QD-LCD,Cd-Free,MATCH,2026-02-19T08:19:41.003292+00:00,https://i.rtings.com/assets/products/SU9COGhQ/sony-bravia-9-qled/spd-large.jpg?format=auto,spd_images/sony-bravia-9_spd.jpg
39008,Sony X90L/X90CL,Sony,sony-x90l-x90cl,https://www.rtings.com/tv/reviews/sony/x90l-x90cl,v2.1,2023-06-06 20:00:01 -0400,2023-08-11 11:31:58 -0400,2025-10-21 10:11:36 -0400,"55"" (XR-55X90L); 65"" (XR-65X90L); 75"" (XR-75X90L); 85"" (XR-85X90L); 98"" (XR-98X90L )",LCD,Direct-lit,88,KSF,No,,Yes,BRAVIA,LCD,Full-Array,KSF,medium,446.9,16.4,529.8,33.6,635.2,9.0,7.6,7.6,7.2,8.1,8.1,8.3,7.9,6.8,6.8,6.8,89.46,69.38,42.8,774.939,1261,1129,715,765,952,1254,1141,4163.0,49776.0,6.1,11.0,9.4,9.5,120Hz,Yes,Yes,"4 (2x HDMI 2.0, 2x HDMI 2.1)",48 Gbps,4k,KSF,,MATCH,2026-02-19T08:19:41.003292+00:00,https://i.rtings.com/assets/products/y1hICh1F/sony-x90l-x90cl/spd-large.jpg?format=auto,spd_images/sony-x90l-x90cl_spd.jpg
117449,TCL 98QM8K,TCL,tcl-98qm8k,https://www.rtings.com/tv/reviews/tcl/98qm8k,v2.0.1,2025-07-01 00:00:00 -0400,2025-11-20 09:13:37 -0500,2025-11-25 17:26:32 -0500,"98"" (98QM8K)",LCD,Direct-lit,3760,QD-LCD,Yes,CdSe,Yes,QLED,LCD,Full-Array,QD-LCD,high,447.7,14.9,536.0,22.4,626.3,27.0,8.3,8.5,8.3,8.1,8.3,8.3,9.1,8.9,9.6,7.2,89.94,69.81,51.9,699.0,3642,4058,613,1079,1981,3909,4111,4886.0,268600.0,8.4,8.7,3.4,5.2,144Hz,Yes,Yes,"4 (2x HDMI 2.0, 2x HDMI 2.1)",48 Gbps,4k,,,NO_GT,2026-02-19T08:19:41.003292+00:00,https://i.rtings.com/assets/products/OsKOhCDT/tcl-98qm8k/spd-large.jpg?format=auto,spd_images/tcl-98qm8k_spd.jpg
70375,TCL NXTVISION,TCL,tcl-nxtvision,https://www.rtings.com/tv/reviews/tcl/nxtframe-qled,v2.0.1,2024-09-01 00:00:00 -0400,2024-10-28 11:05:30 -0400,2025-08-20 10:33:56 -0400,"55"" (55A300W); 65"" (65A300W); 75"" (75A300W); 85"" (85A300W)",LCD,Edge-lit,,KSF,No,,Yes,,LCD,Edge,KSF,high,448.1,15.3,532.4,42.1,632.0,9.1,5.7,5.3,6.0,6.2,6.3,6.0,4.8,4.0,3.6,6.9,84.25,57.84,25.5,299.0,332,333,355,330,330,330,330,4299.0,4299.0,10.0,10.8,4.6,5.8,144Hz,Yes,Yes,"4 (2x HDMI 2.0, 2x HDMI 2.1)",48 Gbps,4k,Pseudo QD,,MISMATCH,2026-02-19T08:19:41.003292+00:00,https://i.rtings.com/assets/products/23x9v89a/tcl-nxtframe-qled/spd-large.jpg?format=auto,spd_images/tcl-nxtvision_spd.jpg
60903,TCL Q651G,TCL,tcl-q651g,https://www.rtings.com/tv/reviews/tcl/q6-q651g-qled,v2.1,2024-05-01 00:00:00 -0400,2024-08-30 09:48:49 -0400,2026-02-05 13:42:27 -0500,"43"" (43Q651G); 50"" (50Q651G); 55"" (55Q651G); 65"" (65Q651G); 75"" (75Q651G); 85"" (85Q651G); 98"" (98Q651G)",LCD,Direct-lit,,Pseudo QD,No,,Yes,QLED,LCD,Direct,KSF,medium,448.3,15.0,532.6,42.1,632.0,9.0,5.9,5.9,5.4,6.0,6.3,6.6,5.3,5.4,4.7,8.0,83.01,56.48,26.3,350.1488037,372,374,367,367,368,367,368,6647.0,6647.0,25.8,7.0,6.2,10.2,60Hz,Yes,Yes,3 (3x HDMI 2.0),No HDMI 2.1,4k,Pseudo QD,,MISMATCH,2026-02-19T08:19:41.003292+00:00,https://i.rtings.com/assets/products/9OA1HWWS/tcl-q6-q651g-qled/spd-large.jpg?format=auto,spd_images/tcl-q651g_spd.jpg
99831,TCL Q77K,TCL,tcl-q77k,https://www.rtings.com/tv/reviews/tcl/q77k,v2.1,2025-04-06 00:00:00 -0400,2025-10-14 13:19:23 -0400,2026-01-21 15:48:42 -0500,"55"" (55Q77K); 65"" (65Q77K); 75"" (75Q77K); 85"" (85Q77K); 98"" (98Q77K)",LCD,Direct-lit,,Pseudo QD,No,,Yes,QLED,LCD,Direct,KSF,medium,446.4,16.1,534.5,40.8,632.0,9.1,5.7,5.5,6.1,6.0,5.8,6.3,4.3,4.4,3.8,7.1,84.74,58.58,23.2,246.0,304,305,288,288,288,288,288,4657.0,4657.0,12.5,12.5,2.9,4.8,144Hz,Yes,Yes,"4 (2x HDMI 2.0, 2x HDMI 2.1)",48 Gbps,4k,,,NO_GT,2026-02-19T08:19:41.003292+00:00,https://i.rtings.com/assets/products/0NsqeuJU/tcl-q77k/spd-large.jpg?format=auto,spd_images/tcl-q77k_spd.jpg
100489,TCL QM5K,TCL,tcl-qm5k,https://www.rtings.com/tv/reviews/tcl/qm5k,v2.1,2025-06-06 00:00:00 -0400,2025-11-12 15:03:02 -0500,2026-02-05 13:42:20 -0500,"50"" (50QM5K); 55"" (55QM5K); 65"" (65QM5K); 75"" (75QM5K); 85"" (85QM5K)",LCD,Direct-lit,312,Pseudo QD,No,,Yes,QLED,LCD,Full-Array,KSF,medium,447.8,16.1,532.6,39.9,632.0,9.0,7.0,7.1,6.5,7.3,7.3,6.5,6.7,7.6,7.8,7.6,81.85,56.49,27.6,491.0,676,522,455,679,890,660,484,5628.0,96178.0,11.0,11.5,4.5,9.7,60Hz,Yes,Yes,"3 (2x HDMI 2.0, 1x HDMI 2.1)",48 Gbps,4k,,,NO_GT,2026-02-19T08:19:41.003292+00:00,https://i.rtings.com/assets/products/I0ejk2Co/tcl-qm5k/spd-large.jpg?format=auto,spd_images/tcl-qm5k_spd.jpg
88607,TCL QM6K,TCL,tcl-qm6k,https://www.rtings.com/tv/reviews/tcl/qm6k,v2.1,2025-02-10 00:00:00 -0500,2025-04-02 11:36:38 -0400,2026-02-05 13:42:26 -0500,"55"" (55QM6K); 65"" (65QM6K); 75"" (75QM6K); 85"" (85QM6K); 98"" (98QM6K)",LCD,Direct-lit,312,Pseudo QD,No,,Yes,QLED,LCD,Full-Array,KSF,medium,445.8,16.0,533.7,41.2,632.0,9.1,7.1,7.2,7.2,7.1,7.0,7.2,6.5,7.6,8.1,7.9,83.71,57.93,30.5,429.28,642,513,453,697,890,698,544,6471.0,118059.0,11.2,11.5,3.1,4.7,144Hz,Yes,Yes,"4 (2x HDMI 2.0, 2x HDMI 2.1)",48 Gbps,4k,Pseudo QD,,MISMATCH,2026-02-19T08:19:41.003292+00:00,https://i.rtings.com/assets/products/QPnE5RpO/tcl-qm6k/spd-large.jpg?format=auto,spd_images/tcl-qm6k_spd.jpg
60899,TCL QM751G,TCL,tcl-qm751g,https://www.rtings.com/tv/reviews/tcl/qm7-qm751g-qled,v2.1,2024-05-01 00:00:00 -0400,2024-08-21 10:16:40 -0400,2026-02-05 13:42:38 -0500,"55"" (55QM751G); 65"" (65QM751G); 75"" (75QM751G); 85"" (85QM751G); 98"" (98QM751G)",LCD,Direct-lit,1248,QD-LCD,Yes,CdSe,Yes,QLED,LCD,Full-Array,QD-LCD,high,445.8,15.4,533.1,22.3,624.3,26.8,7.8,7.9,7.8,7.8,7.8,7.6,8.3,8.5,8.4,7.6,92.27,70.17,44.8,604.3966064,1509,1222,564,899,1449,1555,1315,5651.0,135500.0,6.3,10.0,8.1,5.2,144Hz,Yes,Yes,"4 (2x HDMI 2.0, 2x HDMI 2.1)",48 Gbps,4k,QD-LCD,CdSe,MATCH,2026-02-19T08:19:41.003292+00:00,https://i.rtings.com/assets/products/7mzAmv9C/tcl-qm7-qm751g-qled/spd-large.jpg?format=auto,spd_images/tcl-qm751g_spd.jpg
88608,TCL QM7K,TCL,tcl-qm7k,https://www.rtings.com/tv/reviews/tcl/qm7k,v2.1,2025-03-09 20:00:01 -0400,2025-04-14 15:22:01 -0400,2026-02-12 12:29:52 -0500,"55"" (55QM7K); 65"" (65QM7K); 75"" (75QM7K); 85"" (85QM7K); 98"" (98QM7K)",LCD,Direct-lit,966,QD-LCD,Yes,CdSe,Yes,QLED,LCD,Full-Array,QD-LCD,high,448.0,15.5,538.0,23.1,624.1,26.8,7.8,7.9,7.8,7.9,8.0,7.5,7.8,8.4,9.6,8.7,89.42,66.06,40.0,600.0,1568,1233,518,854,1408,1731,1312,8392.0,265133.0,6.2,10.3,3.5,5.3,144Hz,Yes,Yes,"4 (2x HDMI 2.0, 2x HDMI 2.1)",48 Gbps,4k,QD-LCD,CdSe,MATCH,2026-02-19T08:19:41.003292+00:00,https://i.rtings.com/assets/products/Q5wzS31j/tcl-qm7k/spd-large.jpg?format=auto,spd_images/tcl-qm7k_spd.jpg
60898,TCL QM851G,TCL,tcl-qm851g,https://www.rtings.com/tv/reviews/tcl/qm8-qm851g-qled,v2.1,2024-05-20 00:00:00 -0400,2024-07-16 12:15:40 -0400,2026-02-05 13:42:36 -0500,"65"" (65QM851G); 75"" (75QM851G ); 85"" (85QM851G ); 98"" (98QM851G)",LCD,Direct-lit,2880,QD-LCD,Yes,CdSe,Yes,QLED,LCD,Full-Array,QD-LCD,high,446.1,15.3,537.5,24.7,624.4,22.9,8.2,8.3,8.4,8.2,8.5,7.9,9.4,8.8,9.1,8.0,90.94,67.01,54.8,1108.332031,3355,4043,967,1814,3338,3467,2564,6515.0,201150.0,5.5,10.6,8.0,5.0,144Hz,Yes,Yes,"4 (2x HDMI 2.0, 2x HDMI 2.1)",48 Gbps,4k,QD-LCD,CdSe,MATCH,2026-02-19T08:19:41.003292+00:00,https://i.rtings.com/assets/products/yCRQ4mpn/tcl-qm8-qm851g-qled/spd-large.jpg?format=auto,spd_images/tcl-qm851g_spd.jpg
101781,TCL QM8K,TCL,tcl-qm8k,https://www.rtings.com/tv/reviews/tcl/qm8k,v2.1,2025-05-27 00:00:00 -0400,2025-07-31 16:04:08 -0400,2025-11-21 12:52:58 -0500,"65"" (65QM8K); 75"" (75QM8K); 85"" (85QM8K); 98"" (98QM8K)",LCD,Direct-lit,1680,QD-LCD,Yes,CdSe,Yes,QLED,LCD,Full-Array,QD-LCD,high,448.0,15.0,536.2,22.7,626.6,27.5,8.4,8.6,8.4,8.3,8.4,8.0,9.1,9.2,9.6,8.1,91.98,71.26,54.7,753.0,3238,2246,810,1438,2467,3605,3431,6835.0,273200.0,8.2,8.4,3.2,5.1,144Hz,Yes,Yes,"4 (2x HDMI 2.0, 2x HDMI 2.1)",48 Gbps,4k,,,NO_GT,2026-02-19T08:19:41.003292+00:00,https://i.rtings.com/assets/products/7OYNBgrj/tcl-qm8k/spd-large.jpg?format=auto,spd_images/tcl-qm8k_spd.jpg
112536,TCL QM9K,TCL,tcl-qm9k,https://www.rtings.com/tv/reviews/tcl/qm9k,v2.1,2025-09-04 00:00:00 -0400,2025-10-21 13:36:53 -0400,2026-01-30 16:29:22 -0500,"65"" (65QM9K); 75"" (75QM9K); 85"" (85QM9K); 98"" (98QM9K)",LCD,Direct-lit,2880,QD-LCD,Yes,CdSe,Yes,QLED,LCD,Full-Array,QD-LCD,high,446.3,14.8,536.0,22.5,626.0,27.6,8.4,8.5,8.4,8.4,8.5,8.2,9.3,8.9,9.6,8.0,93.03,70.45,54.6,919.0,4850,5703,823,1516,2738,5060,5658,6623.0,271267.0,7.4,10.1,3.8,6.0,144Hz,Yes,Yes,"4 (2x HDMI 2.0, 2x HDMI 2.1)",48 Gbps,4k,,,NO_GT,2026-02-19T08:19:41.003292+00:00,https://i.rtings.com/assets/products/9sBabJ7U/tcl-qm9k/spd-large.jpg?format=auto,spd_images/tcl-qm9k_spd.jpg
60900,TCL S551G,TCL,tcl-s551g,https://www.rtings.com/tv/reviews/tcl/s5-s551g,v2.1,2024-05-01 00:00:00 -0400,2024-10-04 08:41:09 -0400,2026-02-05 13:42:39 -0500,"43"" (43S551G); 50"" (50S551G); 55"" (55S551G); 65"" (65S551G); 75"" (75S551G); 85"" (85S551G)",LCD,Direct-lit,,KSF,No,,Yes,,LCD,Direct,KSF,high,448.1,14.7,532.1,41.7,632.0,9.0,5.9,5.8,6.1,6.1,6.2,6.5,4.9,5.3,4.0,7.3,83.72,56.8,26.2,310.0,353,358,355,355,355,355,355,5083.0,5083.0,10.4,11.9,6.6,10.5,60Hz,Yes,Yes,3 (3x HDMI 2.0),No HDMI 2.1,4k,,,NO_GT,2026-02-19T08:19:41.003292+00:00,https://i.rtings.com/assets/products/QFp0CiMc/tcl-s5-s551g/spd-large.jpg?format=auto,spd_images/tcl-s551g_spd.jpg
